station_complex_id,station_complex_name,borough,log_avg_ridership,subway_trips_per_hour_am_peak,subway_lines_serving_station,inv_headway,log_jobs_access_network,log_pop_density_0p5mi,landuse_entropy_0p5mi,cultural_count_0p5mi_log1p,pct_walked_access_network,log_pct_walked_access_network,log_bus_routes_access_network
293,Van Cortlandt Park-242 St (1),Bronx,8.482839758,43.33,0,0.6666662222225186,8.305731144875866,9.969415732650235,1.576416256,0.693147181,7.001991559,2.079690455573202,2.4849066497880004
294,238 St (1),Bronx,8.049868062,46.33,0,0.7999993600005121,8.617038526385954,10.577324484561574,2.03586765,1.609437912,5.784740025,1.9146759764142096,2.4849066497880004
295,231 St (1),Bronx,8.711021066,45.67,0,0.999999000001,7.997326822998097,10.929672507268652,2.04220241,1.386294361,6.640499384,2.033462965440176,2.833213344056216
296,Marble Hill-225 St (1),Manhattan,8.123497915,46.33,0,0.999999000001,8.334951631422454,10.80689565857927,2.241515982,1.945910149,6.62281374,2.0311455587577343,2.833213344056216
297,215 St (1),Manhattan,7.394172733,46.33,0,0.999999000001,7.340186835320115,10.530655174162098,2.047247853,2.772588722,10.67212612,2.4572036165082345,2.5649493574615367
298,207 St (1),Manhattan,8.343789186,47.0,0,0.999999000001,7.37650812632622,11.034728360695963,2.129959783,2.944438979,10.79233622,2.4674498475913875,2.4849066497880004
299,Dyckman St (1),Manhattan,8.446741852,46.67,0,0.6666662222225186,7.640603826393634,11.306036587736513,1.963544909,2.890371758,10.78224175,2.4665934614766685,2.772588722239781
300,191 St (1),Manhattan,8.570726082,47.0,0,0.999999000001,7.992944547318106,11.361206825334252,1.880147296,3.258096538,10.64536801,2.4549085052414243,2.833213344056216
301,181 St (1),Manhattan,8.908669678,46.33,1,0.999999000001,8.510369966068112,11.508184243120011,1.910275953,3.688879454,10.8871903,2.475461374955899,2.772588722239781
605,"168 St-Washington Hts (1,A,C)",Manhattan,9.760511352,71.67,0,0.999999000001,7.753623546559746,11.300115834295552,1.696153105,2.944438979,12.2210317,2.581808872225713,2.772588722239781
303,157 St (1),Manhattan,8.864724284,46.67,0,0.6666662222225186,7.5595594960077,11.290119356715705,1.817454055,3.465735903,10.32446809,2.426965702495658,2.5649493574615367
304,145 St (1),Manhattan,8.765813868,47.0,0,0.6666662222225186,7.603897968521881,11.192610001903745,1.959170676,3.526360525,6.310334029,1.989288967519353,2.8903717578961645
305,137 St-City College (1),Manhattan,9.057274684,50.67,0,0.999999000001,8.000014093678072,11.077346450578776,2.011932214,3.36729583,8.224436414,2.221856094726984,2.9444389791664403
306,125 St (1),Manhattan,8.768383258,51.0,0,0.999999000001,9.091669442258503,10.975139659621457,1.997356139,3.713572067,15.79686681,2.821192369611275,3.044522437723423
307,116 St-Columbia University (1),Manhattan,9.318674803,51.0,0,0.6666662222225186,9.246382963323112,11.026337065568285,1.785818746,3.891820298,20.75039715,3.0796320171381004,2.833213344056216
308,Cathedral Pkwy (110 St) (1),Manhattan,9.091963734,51.33,0,0.999999000001,9.221675881639928,11.139060762931893,1.819313776,3.970291914,17.24908857,2.9041151374115257,2.772588722239781
309,103 St (1),Manhattan,9.091175143,51.33,0,0.6666662222225186,8.872627365918836,11.424498541112158,1.778581228,3.988984047,12.57589735,2.6082959667660384,2.639057329615259
310,"96 St (1,2,3)",Manhattan,10.13376868,126.67,0,1.999996000008,8.53856321715243,11.52529860103337,1.682327114,4.143134726,7.896870497,2.185699585351366,2.5649493574615367
311,86 St (1),Manhattan,9.433866719,52.33,0,0.999999000001,8.753687227098585,11.465875785278568,1.759991371,4.094344562,8.45686341,2.2467407646595343,3.58351893845611
312,79 St (1),Manhattan,9.260694055,52.33,0,0.999999000001,8.967249182852276,11.390396183688612,1.850500444,4.158883083,10.9942344,2.48442606766024,2.70805020110221
313,"72 St (1,2,3)",Manhattan,10.25472039,127.33,0,1.999996000008,9.296884973376368,11.45163499652712,1.923526123,4.276666119,15.79119197,2.820854461422465,2.70805020110221
314,66 St-Lincoln Center (1),Manhattan,9.653376048,52.67,0,0.6666662222225186,9.68277853533738,11.406753509072688,1.686627595,4.369447852,20.37216969,3.062089593891817,3.80666248977032
614,"59 St-Columbus Circle (1,A,C,B,D)",Manhattan,10.86747629,122.33,1,1.999996000008,10.290618953955788,11.093903881679276,1.594097534,4.369447852,26.07773337,3.2987117432853896,4.343805421853684
316,50 St (1),Manhattan,9.824298457,51.67,0,0.999999000001,10.948417730954375,10.899199260387178,1.464688058,4.94875989,34.50596084,3.569700593371814,4.477336814478207
611,"Times Sq-42 St/Port Authority Bus Terminal (1,2,3,7,A,C,E,N,Q,R,W,S)",Manhattan,11.855558,123.67,1,1.999996000008,11.189685297117734,10.4955152116955,1.299708494,5.313205979,33.57188897,3.543040894326748,4.465908118654584
318,"34 St-Penn Station (1,2,3)",Manhattan,10.86571408,127.33,0,1.999996000008,10.849142893040186,10.634965627401035,1.61021559,5.252273428,33.81055054,3.549920517268521,4.430816798843313
319,28 St (1),Manhattan,9.208368121,53.0,0,0.999999000001,10.703581490007773,10.985157120473923,1.672080112,5.209486153,28.86452955,3.3966714735070407,4.406719247264253
320,23 St (1),Manhattan,9.198750635,53.0,0,0.999999000001,10.51058652847062,11.231570003907605,1.759693679,4.919980926,24.44794396,3.236634952306725,4.394449154672439
321,18 St (1),Manhattan,8.67856783,53.0,0,0.999999000001,10.24899031947161,11.295490588123,1.841462063,4.890349128,21.67643052,3.1213260819935966,4.304065093204169
601,"14 St/6 Av (1,2,3,L,F,M)",Manhattan,10.44621934,68.67,2,1.999996000008,10.082595618260582,11.305938195224105,1.830199727,4.779123493,22.21643962,3.144860632041113,4.304065093204169
323,Christopher St-Stonewall (1),Manhattan,9.025616847,52.67,0,0.999999000001,9.7717830615387,11.234110628785556,1.963672768,4.543294782,21.16004833,3.098291042833384,3.4657359027997265
324,Houston St (1),Manhattan,9.250095964,53.33,0,0.999999000001,9.59014573330377,10.80476616428978,1.939390149,4.430816799,20.1562399,3.051934892712139,3.4339872044851463
325,Canal St (1),Manhattan,8.303083773,53.33,0,0.999999000001,9.774232716678863,10.56002261459934,1.772037262,4.644390899,22.99774094,3.1779596984176743,3.713572066704308
326,Franklin St (1),Manhattan,8.461853208,53.0,0,0.999999000001,9.9124472939076,10.726653714419808,1.663964072,4.795790546,24.7784427,3.2495385883939725,3.6375861597263857
327,"Chambers St (1,2,3)",Manhattan,9.540400621,125.33,0,1.999996000008,10.01784249677353,10.822594315669765,1.548378651,4.700480366,25.899258,3.292098702584235,3.784189633918261
328,WTC Cortlandt (1),Manhattan,9.35022458,51.33,0,0.999999000001,10.152376820268753,11.047216600007362,1.459125418,4.700480366,26.80357896,3.325164751978709,3.737669618283368
329,Rector St (1),Manhattan,8.587992664,51.33,0,0.999999000001,10.113099969565988,10.809546113844034,1.512141941,4.727387819,27.83103784,3.361452509614933,3.737669618283368
635,"Whitehall St-South Ferry (1,R,W)",Manhattan,9.938336826,49.0,4,0.6666662222225186,9.848872959262906,10.242242895171907,1.660677518,4.394449155,28.14212218,3.372184625157165,3.737669618283368
416,Wakefield-241 St (2),Bronx,7.941436345,38.0,2,0.6666662222225186,7.5310163320779155,9.98192897884269,1.705850204,0.0,3.156117466,1.4245813370338989,1.6094379124341005
417,"Nereid Av (2,5)",Bronx,7.545604135,41.33,0,0.6666662222225186,8.038512020976814,10.353671054332557,1.809267699,0.693147181,4.497835023,1.704354382563123,2.079441541679836
418,"233 St (2,5)",Bronx,7.866086653,42.0,2,0.6666662222225186,8.09040229659332,10.600776145596624,1.962247908,0.693147181,5.012029807,1.793762429795936,2.079441541679836
419,"225 St (2,5)",Bronx,7.553490903,42.33,2,0.999999000001,7.724004656676065,10.689760711085556,1.782420997,0.693147181,3.660940981,1.5392173550062096,2.4849066497880004
420,"219 St (2,5)",Bronx,7.338203115,42.0,2,0.6666662222225186,7.440146680662688,10.683225188177172,1.725185729,1.098612289,3.858898626,1.5808117920655638,2.302585092994046
421,"Gun Hill Rd (2,5)",Bronx,8.300669237,41.67,0,0.6666662222225186,8.370547611074752,10.659257357575182,1.884976077,1.098612289,5.25297706,1.833057679939378,2.772588722239781
422,"Burke Av (2,5)",Bronx,7.451137097,41.33,0,0.6666662222225186,7.622174594817622,10.708645586157768,1.972000692,0.693147181,4.779729862,1.754356944913893,2.3978952727983707
423,"Allerton Av (2,5)",Bronx,7.927663761,42.0,2,0.6666662222225186,7.826443135456014,10.803079634787233,1.627446841,1.098612289,6.090524922,1.958759374756892,2.833213344056216
424,"Pelham Pkwy (2,5)",Bronx,8.581971195,42.67,0,0.6666662222225186,8.204945165019208,10.721437517010912,1.552487721,1.945910149,6.709299502,2.042427327675877,2.8903717578961645
425,"Bronx Park East (2,5)",Bronx,7.31811939,42.67,0,0.6666662222225186,8.210668031162976,10.377576575186112,1.908385811,1.386294361,5.610551894,1.8886671441754588,2.772588722239781
426,"E 180 St (2,5)",Bronx,8.646148142,79.33,0,0.999999000001,8.096208271650037,10.501746964063756,2.129864101,1.386294361,5.894997825,1.93079619579924,2.772588722239781
427,"West Farms Sq-E Tremont Av (2,5)",Bronx,8.079985977,65.0,0,0.999999000001,8.307705966549513,10.69901079971294,1.995208127,0.693147181,6.108868215,1.9613430490064945,2.9444389791664403
428,"174 St (2,5)",Bronx,8.187803358,65.0,0,0.999999000001,8.342363500380579,10.60475170119802,1.859549481,0.0,6.631657991,2.032305120641875,2.772588722239781
429,"Freeman St (2,5)",Bronx,7.901091914,65.0,0,0.999999000001,8.48714627006394,10.881832472145556,1.999037251,0.693147181,9.273418759,2.3295598564715725,2.70805020110221
430,"Simpson St (2,5)",Bronx,8.411534467,65.33,0,0.999999000001,8.14351740579748,10.93663644805993,2.173529145,1.791759469,8.235732351,2.223079912185389,2.5649493574615367
431,"Intervale Av (2,5)",Bronx,7.524688269,65.67,0,0.999999000001,8.21716859576607,11.061578708855764,2.02871156,2.302585093,11.70800639,2.5422322192400046,2.772588722239781
432,"Prospect Av (2,5)",Bronx,8.321244032,66.0,0,0.999999000001,8.412499120301572,11.165932074607458,1.961356802,2.302585093,11.80694195,2.54998736375622,2.70805020110221
433,"Jackson Av (2,5)",Bronx,8.046646735,66.0,0,0.999999000001,8.458292083496076,11.06513723621554,2.152677627,2.564949357,11.37492245,2.515672041768452,2.772588722239781
434,"3 Av-149 St (2,5)",Bronx,9.361273487,77.67,0,0.999999000001,8.93075873555827,10.98796710962718,2.062324309,2.302585093,11.22603681,2.503567842398664,2.8903717578961645
603,"149 St-Grand Concourse (2,4,5)",Bronx,8.850971161,45.33,2,0.999999000001,8.884610231886873,10.55458803059373,2.187884226,2.564949357,10.18384698,2.414470503352075,3.091042453358316
438,"135 St (2,3)",Manhattan,8.881876914,74.67,0,0.999999000001,8.340933226000878,11.288330861388705,1.938046008,3.761200116,8.594882385,2.2612298714376866,3.218875824868201
439,"125 St (2,3)",Manhattan,9.088854312,75.67,0,1.999996000008,8.723394022000136,11.246965744590764,1.996111216,4.143134726,9.267566804,2.328990073182414,3.367295829986474
440,"116 St (2,3)",Manhattan,8.729059009,75.33,0,1.999996000008,8.573573524852344,11.345393993648909,1.794133476,3.713572067,9.661402439,2.366629970966126,3.367295829986474
441,"110 St-Malcolm X Plaza (2,3)",Manhattan,8.499857632,75.0,0,0.999999000001,8.584851839890053,11.279314824306176,1.467345043,3.555348061,10.76916284,2.465482792149536,3.218875824868201
624,"Chambers St/WTC/Park Place/Cortlandt St (2,3,A,C,E,R,W)",Manhattan,10.71479538,49.67,3,0.999999000001,10.19204424239857,11.114490586783264,1.533412886,4.804021045,27.03799919,3.3335607040569792,3.784189633918261
628,"Fulton St (2,3,4,5,A,C,J,Z)",Manhattan,11.05598252,37.33,3,0.6666662222225186,10.252135365087474,11.066857088419516,1.512338524,4.927253685,28.16416184,3.372940621236152,3.7612001156935615
333,"Wall St (2,3)",Manhattan,9.567390664,74.67,0,0.999999000001,10.115974523661809,10.862569538665166,1.638297754,4.852030264,28.22737393,3.375105733486061,3.737669618283368
334,"Clark St (2,3)",Brooklyn,8.502402673,75.33,0,0.999999000001,9.539716058977092,10.596984671860362,2.029496202,3.784189634,11.77133933,2.547203545515849,2.772588722239781
620,"Borough Hall/Court St (2,3,4,5,R)",Brooklyn,10.01352863,37.0,0,0.6666662222225186,9.664024052354822,10.9572070723135,2.034762207,3.784189634,11.74217086,2.544917032802322,2.833213344056216
336,"Hoyt St (2,3)",Brooklyn,8.645521154,74.0,0,0.999999000001,9.60588981529697,10.942349836798464,2.023403793,3.850147602,11.90101022,2.557305619929338,2.833213344056216
337,"Nevins St (2,3,4,5)",Brooklyn,8.883324171,139.33,0,1.999996000008,9.50651131182387,10.924354492579385,1.986217467,4.304065093,10.37827444,2.4317057862695943,2.833213344056216
617,"Atlantic Av-Barclays Ctr (2,3,4,5,B,D,N,Q,R)",Brooklyn,10.34806268,107.33,1,1.999996000008,8.995040974685022,10.854778565594904,2.106024532,4.234106505,8.477844736,2.2489569418961306,2.833213344056216
339,"Bergen St (2,3)",Brooklyn,8.109169206,78.67,0,0.999999000001,8.411832675758411,10.904137815028022,1.893451176,4.262679877,7.192464616,2.103214782509183,2.9444389791664403
340,"Grand Army Plaza (2,3)",Brooklyn,8.587547091,78.33,0,0.999999000001,8.273336598504486,10.896868946774848,1.909906153,3.258096538,6.541431968,2.020412080168441,2.772588722239781
341,"Eastern Pkwy-Brooklyn Museum (2,3)",Brooklyn,8.126198211,78.33,0,0.999999000001,7.539027055823995,10.794152736771313,1.848232126,2.890371758,4.959475465,1.784982467976031,2.772588722239781
626,"Franklin Av-Medgar Evers College/Botanic Garden (2,3,4,5,S)",Brooklyn,9.281709956,36.0,4,0.999999000001,7.454141078146678,10.989875426581516,1.922099661,3.044522438,4.638729934,1.7296588511440238,2.639057329615259
353,"President St-Medgar Evers College (2,5)",Brooklyn,7.843955612,56.0,0,0.999999000001,7.710653323501202,11.09813702940118,1.717222038,2.772588722,7.464368397,2.1358653993341576,2.772588722239781
354,"Sterling St (2,5)",Brooklyn,8.311063014,56.0,0,0.999999000001,7.970394907191429,11.01552597264265,1.693133113,2.772588722,8.467759498,2.2478922897659523,2.5649493574615367
355,"Winthrop St (2,5)",Brooklyn,8.626403837,57.0,0,0.999999000001,9.412627941411015,11.023290393775266,1.783462724,2.397895273,7.345964424,2.12177811951949,2.4849066497880004
356,"Church Av (2,5)",Brooklyn,8.740713759,57.0,0,0.999999000001,8.603554357064281,10.930138281806371,2.080210391,2.079441542,6.243706393,1.9801330081395736,2.70805020110221
357,"Beverly Rd (2,5)",Brooklyn,8.058541144,56.33,0,0.999999000001,7.85049318087114,10.873736026003668,1.908368555,1.791759469,5.445701189,1.8634134262840216,2.772588722239781
358,"Newkirk Av-Little Haiti (2,5)",Brooklyn,8.481353812,56.33,0,0.999999000001,7.669961995473577,11.005045498492809,1.482675414,1.609437912,4.348959075,1.6769019765570474,2.833213344056216
359,"Flatbush Av-Brooklyn College (2,5)",Brooklyn,9.478340131,56.0,0,0.6666662222225186,8.435766192720509,10.804867671674527,1.49641511,1.609437912,5.034624628,1.7975136534435467,2.8903717578961645
343,Nostrand Av (3),Brooklyn,7.846346938,39.0,0,0.999999000001,7.708859601047175,11.096879577317877,1.756344334,2.63905733,6.649039831,2.034580127673536,2.70805020110221
344,Kingston Av (3),Brooklyn,8.065522086,39.0,0,0.6666662222225186,8.005367067316664,11.103888987106272,1.698246359,2.397895273,9.424574122,2.3441659152437007,2.833213344056216
345,"Crown Hts-Utica Av (3,4)",Brooklyn,9.739578243,83.0,0,0.999999000001,8.356554845453426,11.12300392723786,1.783960074,1.386294361,7.567323424,2.1479553645746643,2.772588722239781
346,Sutter Av-Rutland Rd (3),Brooklyn,8.345558822,40.33,0,0.6666662222225186,8.367532416861831,10.940933405966751,1.697919217,1.386294361,6.261262885,1.9825537648108944,2.639057329615259
347,Saratoga Av (3),Brooklyn,8.056970005,40.0,0,0.6666662222225186,7.952966790923131,10.805192426081865,1.856215003,0.693147181,6.394887938,2.0007889422954084,2.639057329615259
348,Rockaway Av (3),Brooklyn,7.986812957,40.33,0,0.6666662222225186,7.676473646389156,10.61861635720246,2.001428084,1.609437912,6.981503623,2.0771268176469944,2.4849066497880004
349,Junius St (3),Brooklyn,7.39397915,39.67,0,0.6666662222225186,6.947937068614969,10.629416491370415,1.95452427,1.386294361,5.477471771,1.8683302754361408,2.5649493574615367
350,Pennsylvania Av (3),Brooklyn,7.909155019,39.67,0,0.6666662222225186,7.56734567601324,10.64354217367223,1.946761073,1.098612289,4.424340246,1.6908962783904318,2.833213344056216
351,Van Siclen Av (3),Brooklyn,7.393456519,39.67,0,0.6666662222225186,7.0967213784947605,10.74453736301957,1.635252754,1.386294361,4.325298296,1.6724687280547066,2.3978952727983707
352,New Lots Av (3),Brooklyn,8.201816164,40.0,0,0.6666662222225186,8.01862546504575,10.708041930670204,1.445706176,1.609437912,4.285535917,1.6649740175870886,2.3978952727983707
436,Harlem-148 St (3),Manhattan,7.715071355,34.0,0,0.499999750000125,6.161207321695077,11.130199843831551,2.174889835,2.708050201,5.596851115,1.8865924313942752,2.5649493574615367
437,145 St (3),Manhattan,7.603452091,34.33,0,0.6666662222225186,7.908019444632471,11.070817119163223,2.055813137,3.091042453,7.27196039,2.112871529311669,3.258096538021482
378,Woodlawn (4),Bronx,8.382307644,41.33,0,0.6666662222225186,8.530109416682784,9.894900791598806,0.693600634,1.098612289,11.49820067,2.525584687546978,2.4849066497880004
379,Mosholu Pkwy (4),Bronx,8.539537243,41.33,0,0.6666662222225186,8.698180525197056,10.730203625017488,2.092947217,2.397895273,8.496939538,2.250969592809045,2.833213344056216
380,Bedford Park Blvd-Lehman College (4),Bronx,8.211943845,41.67,0,0.7999993600005121,7.416378479192928,11.060180052280762,1.774461782,2.397895273,6.919429728,2.069319199193515,2.995732273553991
381,Kingsbridge Rd (4),Bronx,8.657109305,42.33,0,0.6666662222225186,8.329899292995725,11.466797753326444,1.963344809,2.302585093,7.420152198,2.130627903862842,3.044522437723423
382,Fordham Rd (4),Bronx,8.738927041,42.67,0,0.6666662222225186,8.4368504387337,11.520863872271748,1.990690094,2.079441542,9.813687337,2.3808126777436054,3.1354942159291497
383,183 St (4),Bronx,8.153779545,43.0,0,0.6666662222225186,8.022896869601457,11.548389129245798,1.981342092,1.791759469,8.209237299,2.2202070345688174,2.995732273553991
384,Burnside Av (4),Bronx,8.701789483,43.0,0,0.6666662222225186,8.024207485778577,11.531069855406209,1.99861164,2.079441542,7.474191055,2.1370251979733395,2.772588722239781
385,176 St (4),Bronx,8.100471221,43.67,0,0.6666662222225186,7.877017895622398,11.48615018513324,2.084467121,1.609437912,7.882520888,2.1840854005004857,2.833213344056216
386,Mt Eden Av (4),Bronx,8.033538473,43.0,0,0.6666662222225186,7.921535632133549,11.483692309699952,2.10712115,0.693147181,8.538709969,2.255358252941428,2.833213344056216
387,170 St (4),Bronx,8.41126153,43.0,0,0.6666662222225186,7.905441649060286,11.519404431067937,2.065993428,1.609437912,8.182542308,2.2173041061609133,2.8903717578961645
388,167 St (4),Bronx,8.631782,43.33,0,0.6666662222225186,8.285261134068948,11.527577596302542,2.047639134,2.079441542,8.810103421,2.2834128159274094,2.833213344056216
604,"161 St-Yankee Stadium (4,B,D)",Bronx,9.770279136,42.67,2,0.6666662222225186,8.55429627936774,10.97635459145238,2.172833531,1.791759469,8.287133731,2.228629972496376,2.995732273553991
391,"138 St-Grand Concourse (4,5)",Bronx,7.870715422,70.67,0,0.999999000001,8.622093601241607,10.643804537572464,2.030236576,2.708050201,10.69524779,2.459182587498732,2.9444389791664403
413,"Wall St (4,5)",Manhattan,9.427650206,83.67,1,0.999999000001,10.146590581589942,10.917231620558995,1.584442073,4.812184355,27.92283983,3.364631588527738,3.737669618283368
414,"Bowling Green (4,5)",Manhattan,9.773769641,83.0,1,0.999999000001,9.978966013712034,10.558803054787068,1.597350393,4.564348191,28.23518882,3.375373080303544,3.737669618283368
442,Eastchester-Dyre Av (5),Bronx,7.901085553,32.33,0,0.6666662222225186,8.52595469708481,9.60521627853008,2.21205105,1.098612289,2.799835862,1.334957871588917,2.3978952727983707
443,Baychester Av (5),Bronx,7.543953193,32.67,0,0.499999750000125,8.25582842728183,10.483130032299252,1.848498411,1.098612289,8.741382641,2.276383062507928,2.70805020110221
444,Gun Hill Rd (5),Bronx,8.034777348,32.67,0,0.499999750000125,8.48590890137647,10.387671415355683,1.37758833,0.693147181,3.851735496,1.579336475168798,2.639057329615259
445,Pelham Pkwy (5),Bronx,7.646847391,33.0,0,0.6666662222225186,9.41654120256008,10.349422593198003,1.314923302,1.098612289,10.39275797,2.4329778877441672,2.70805020110221
446,Morris Park (5),Bronx,7.531069055,33.67,0,0.5714282448981458,8.304742269640771,10.730815914562092,1.758197724,1.609437912,7.686872029,2.16181292384661,2.5649493574615367
360,Pelham Bay Park (6),Bronx,8.317685138,41.67,0,0.6666662222225186,6.923628628138427,9.654128354403506,1.365046746,0.0,2.824704119,1.341481109776681,2.302585092994046
361,Buhre Av (6),Bronx,7.879884125,41.67,0,0.6666662222225186,7.374629015218945,10.093859947519794,1.844091504,0.693147181,2.598274261,1.2804543585821566,2.639057329615259
362,Middletown Rd (6),Bronx,7.317519029,42.0,0,0.6666662222225186,9.090542808520588,9.941024156064854,1.888730477,1.098612289,4.208053992,1.650206271980026,2.639057329615259
363,Westchester Sq-E Tremont Av (6),Bronx,7.850747672,41.33,0,0.6666662222225186,8.915566545710645,9.967353972864542,2.12455464,1.791759469,10.40648903,2.4341824066179845,2.70805020110221
364,Zerega Av (6),Bronx,7.446762307,41.67,0,0.6666662222225186,8.668711839055147,10.41828527705452,2.138512494,1.791759469,7.155548887,2.0986985406136167,2.833213344056216
365,Castle Hill Av (6),Bronx,8.222063506,41.67,0,0.499999750000125,8.723394022000136,10.857247464524756,1.857744187,1.386294361,5.870126248,1.927182482775743,2.833213344056216
366,Parkchester (6),Bronx,9.21198251,54.33,0,0.999999000001,8.269756947532983,11.1542342039154,1.825840327,1.386294361,5.335069224,1.846100740943077,2.772588722239781
367,St Lawrence Av (6),Bronx,7.813797031,45.33,0,0.999999000001,8.043342170441608,11.02606047864908,1.830306643,0.693147181,6.310989316,1.989378601950516,2.833213344056216
368,Morrison Av-Soundview (6),Bronx,8.217962722,45.0,0,0.6666662222225186,7.571473648851271,11.051810216769898,1.775332959,1.098612289,6.471805566,2.0111366789070293,2.772588722239781
369,Elder Av (6),Bronx,8.214944075,45.33,0,0.6666662222225186,7.711101251840158,10.891391719219817,2.106796245,0.693147181,5.922213391,1.934735572677883,2.833213344056216
370,Whitlock Av (6),Bronx,7.113331836,45.67,0,0.6666662222225186,5.988961416889864,10.855608641411113,2.271875227,1.098612289,10.17052595,2.4132786979170957,1.3862943611198906
371,Hunts Point Av (6),Bronx,8.800852816,54.33,0,0.999999000001,8.40200678160712,10.762975101585972,2.334338821,2.079441542,9.73652603,2.3736515758621053,2.3978952727983707
372,Longwood Av (6),Bronx,7.723488301,45.33,0,0.999999000001,8.783549477153265,10.777601205511097,2.186467943,2.302585093,10.62359572,2.4530371458971505,2.639057329615259
373,E 149 St (6),Bronx,8.027440708,46.0,0,0.999999000001,8.075271546297458,10.62478477651242,2.113467364,1.791759469,9.575564299,2.3585460851162265,2.772588722239781
374,E 143 St-St Mary's St (6),Bronx,6.836721138,46.0,0,0.999999000001,7.944137491114112,10.47522952026939,2.154512099,0.0,8.231800779,2.222654130135158,2.5649493574615367
375,Cypress Av (6),Bronx,7.514471795,46.33,0,0.999999000001,8.126813720726114,10.363945768938333,1.857940905,0.693147181,9.57029046,2.358047279164001,2.4849066497880004
376,Brook Av (6),Bronx,8.144446722,46.67,0,0.999999000001,8.41847721847708,10.840227761277692,2.113769537,2.197224577,10.66618315,2.456694327676752,2.5649493574615367
377,3 Av-138 St (6),Bronx,8.62036576,57.67,0,0.999999000001,8.662331957082475,10.677085049993376,2.098356303,2.079441542,11.46193057,2.5226784427696463,2.772588722239781
392,"125 St (4,5,6)",Manhattan,9.723251121,139.0,0,1.999996000008,8.804775258867686,10.953487161283544,2.087292047,3.433987204,8.96120628,2.2986981767127856,3.295836866004329
393,116 St (6),Manhattan,9.093232845,58.0,0,0.999999000001,8.889032571874742,11.337452403605107,1.787865763,3.401197382,9.199911248,2.3223790190758997,3.295836866004329
394,110 St (6),Manhattan,8.814812105,58.0,0,0.999999000001,9.07015834137632,11.402630573054733,1.61907725,3.36729583,10.91379082,2.4776966215569773,3.367295829986474
395,103 St (6),Manhattan,9.045691162,58.33,0,0.999999000001,9.251098364448351,11.3515353099315,1.717983775,3.33220451,14.48299185,2.7397421214507856,3.258096538021482
396,96 St (6),Manhattan,9.4869721,57.67,0,0.999999000001,9.47608353690921,11.503894811084525,1.811701779,3.931825633,14.7975987,2.7598579474699787,3.295836866004329
397,"86 St (4,5,6)",Manhattan,10.42786081,141.67,0,1.999996000008,9.48432911729596,11.640940419992829,1.737196586,4.025351691,15.7480369,2.818281051402619,3.6635616461296463
398,77 St (6),Manhattan,9.959834162,58.33,0,0.999999000001,9.621522440413576,11.505719564719898,1.725926377,3.891820298,21.28043643,3.1037090032873405,3.6635616461296463
399,68 St-Hunter College (6),Manhattan,9.845591626,59.0,0,0.999999000001,10.301525144815496,11.272699333674742,1.616459289,3.761200116,27.86109739,3.3624945772243326,4.430816798843313
613,"Lexington Av/59 St (4,5,6,N,R,W)",Manhattan,10.58049049,82.0,2,0.999999000001,10.516698269778406,11.08881256248958,1.694599717,4.060443011,36.02858492,3.611690179774592,4.465908118654584
612,"Lexington Av/51-53 Sts (6,E,F)",Manhattan,10.65903269,66.67,1,0.999999000001,11.082573225354114,10.979581529773636,1.537171286,4.262679877,38.56704295,3.677996523011812,4.465908118654584
610,"Grand Central-42 St (4,5,6,7,S)",Manhattan,11.63129938,67.67,1,0.999999000001,11.27397006260868,10.927879042172982,1.568827582,4.682131227,43.09656446,3.786381876016813,4.51085950651685
403,33 St (6),Manhattan,9.899556815,59.0,0,0.999999000001,11.055213976853723,11.296695459925086,1.606575729,4.709530201,41.12050424,3.740534658704088,4.48863636973214
404,28 St (6),Manhattan,9.627117551,58.67,0,0.999999000001,10.800350786744184,11.374237945196334,1.687242794,4.859812404,35.64484432,3.6012727450402315,4.5217885770490405
405,23 St-Baruch College (6),Manhattan,9.8779144,58.33,1,0.999999000001,10.402382285434154,11.372881482825592,1.761269875,4.927253685,29.58321509,3.4204513319920657,4.442651256490317
602,"14 St-Union Sq (4,5,6,L,N,Q,R,W)",Manhattan,11.14648492,124.33,2,1.999996000008,10.030648698152808,11.409196950207528,1.854722244,5.043425117,23.72086228,3.207647513858154,4.04305126783455
407,Astor Pl (6),Manhattan,9.380851618,58.67,1,0.999999000001,9.728360056322414,11.465718546805132,1.864578049,5.187385806,22.20393594,3.1443219168690986,3.8712010109078903
619,"Broadway-Lafayette St/Bleecker St (6,B,D,F,M)",Manhattan,10.26736142,107.33,2,1.999996000008,9.59383249927394,11.2533383406767,1.808192723,5.093750201,23.79810948,3.210767419620072,3.5263605246161616
409,Spring St (6),Manhattan,9.05345817,59.33,1,0.999999000001,9.646270020888169,11.164615437363125,1.667594445,5.043425117,25.31645744,3.270194501653616,3.784189633918261
623,"Canal St (6,J,Z,N,Q,R,W)",Manhattan,10.35946249,49.67,3,0.7999993600005121,9.814929525554335,10.993008641192455,1.665263914,4.875197323,26.15733127,3.301647038289806,3.912023005428146
622,"Brooklyn Bridge-City Hall/Chambers St (4,5,6,J,Z)",Manhattan,9.921210828,37.0,3,0.6666662222225186,10.088181293475138,11.155450200860727,1.580011057,4.890349128,27.86826828,3.362743008502025,3.80666248977032
447,Flushing-Main St (7),Queens,10.70776024,77.0,0,0.999999000001,10.856052352774508,10.945494215725116,2.124716468,3.135494216,20.14981614,3.0516312123102933,3.1780538303479458
448,Mets-Willets Point (7),Queens,8.509860129,86.33,0,1.999996000008,7.618251097876695,8.387539983189367,1.361423293,0.0,8.601567227,2.2619263379620005,2.079441541679836
449,111 St (7),Queens,8.761679557,76.0,0,0.999999000001,8.209308411646937,10.777413433632514,1.964438464,1.609437912,10.33774125,2.428137094156427,2.70805020110221
450,103 St-Corona Plaza (7),Queens,9.900356534,76.67,0,0.999999000001,8.24380842366528,11.296260879753728,1.566248257,1.386294361,10.3643008,2.4304769331946035,2.639057329615259
451,Junction Blvd (7),Queens,9.894510481,88.33,0,1.999996000008,8.358900612421644,11.419811870904065,1.73139728,1.098612289,9.467157837,2.3482425302469667,2.772588722239781
452,90 St-Elmhurst Av (7),Queens,9.561069473,76.0,0,0.999999000001,8.494333897270154,11.518390504401289,1.764459101,1.609437912,8.374673049,2.2380116964750023,2.833213344056216
453,82 St-Jackson Hts (7),Queens,8.952564417,77.33,0,0.999999000001,8.40178233990491,11.498694686056515,1.731713194,2.302585093,7.61361507,2.153344099076677,2.70805020110221
616,"Jackson Hts-Roosevelt Av/74 St-Broadway (7,E,F,M,R)",Queens,10.70578456,134.67,1,1.999996000008,8.15908865466791,11.215166120275228,1.840562609,2.197224577,8.194570718,2.218613170506405,2.5649493574615367
455,69 St (7),Queens,8.387977925,44.67,0,0.6666662222225186,8.142063283104147,10.96164236357296,1.957986085,2.564949357,8.467895761,2.247906681979809,2.4849066497880004
456,61 St-Woodside (7),Queens,9.469974969,89.0,0,1.999996000008,8.770128527538184,10.811161264303168,2.117601421,2.302585093,7.128246701,2.095345242368624,2.772588722239781
457,52 St (7),Queens,8.455580983,44.67,0,0.6666662222225186,8.413387022690648,10.805070655538008,2.073600445,1.945910149,6.042619081,1.9519801295356247,2.639057329615259
458,46 St-Bliss St (7),Queens,9.131901468,88.67,0,1.333331555557926,8.715388097366482,10.953802055796483,2.048142069,1.945910149,6.132673007,1.9646860599627616,2.639057329615259
459,40 St-Lowery St (7),Queens,8.885360684,88.67,0,0.999999000001,8.931816237309167,10.671904530069884,2.011501716,2.079441542,5.795654925,1.9162834263286537,2.3978952727983707
460,33 St-Rawson St (7),Queens,8.776964894,89.33,0,1.999996000008,9.36357634787504,9.713839220355712,1.915808495,2.397895273,5.567703496,1.8821642274039565,2.5649493574615367
461,"Queensboro Plaza (7,N,W)",Queens,9.266236881,45.33,0,0.6666662222225186,9.011401509358793,9.931783421690977,2.061518674,2.63905733,6.099122266,1.959971151898088,2.70805020110221
606,"Court Sq-23 St (7,E,F,G)",Queens,9.846118252,36.33,2,0.6666662222225186,9.156412029950626,9.745839095947058,2.038952927,2.772588722,4.116956628,1.632559853726841,2.70805020110221
463,Hunters Point Av (7),Queens,8.296108311,89.0,0,1.999996000008,9.129672468908728,9.611864390851084,1.955123616,2.48490665,4.094512279,1.6281639366756424,2.772588722239781
464,Vernon Blvd-Jackson Av (7),Queens,9.437814985,88.67,0,1.999996000008,8.772610303280743,10.043901456251342,2.145814929,2.197224577,3.833659141,1.575603766969328,2.772588722239781
609,"42 St-Bryant Pk/5 Av (7,B,D,F,M)",Manhattan,10.58752061,106.67,1,1.999996000008,11.339393169209067,10.059850070159987,1.154329097,5.241747015,41.5734561,3.751230962826052,4.499809670330265
471,34 St-Hudson Yards (7),Manhattan,9.889152987,89.33,0,1.999996000008,10.349998630080291,10.447525490508216,2.070482049,3.951243719,28.91688919,3.3984231767784654,3.044522437723423
143,Inwood-207 St (A),Manhattan,8.672597729,40.33,0,0.6666662222225186,7.2078598714324755,10.88496659438935,1.842021225,2.944438979,10.53539263,2.445419929191209,2.19722457733622
144,Dyckman St (A),Manhattan,8.363722378,41.67,0,0.999999000001,7.342131730584722,11.08052585812186,1.612953253,2.708050201,10.54936025,2.446630045823352,2.3978952727983707
145,190 St (A),Manhattan,8.060263187,42.67,0,0.999999000001,7.572502985020384,11.11694523287328,1.811200428,2.995732274,9.802545156,2.3797817689587,2.772588722239781
146,181 St (A),Manhattan,8.729095225,42.67,0,0.6666662222225186,9.144414221860016,11.392011282385637,2.012903455,3.663561646,11.38211187,2.516252839945581,2.639057329615259
147,175 St (A),Manhattan,8.89982797,42.0,0,0.6666662222225186,9.30428598481871,11.35063003990524,1.921867591,3.526360525,13.10753983,2.646709394178101,2.70805020110221
149,163 St-Amsterdam Av (C),Manhattan,7.893940356,30.33,0,0.499999750000125,7.567862605463882,11.257671859737783,1.816616926,3.401197382,12.01120183,2.5658106656598827,2.8903717578961645
150,155 St (C),Manhattan,7.437573062,30.67,0,0.6666662222225186,7.605890001053122,11.410937035212486,1.932899496,3.663561646,8.706985508,2.272845781785738,2.8903717578961645
151,"145 St (A,C,B,D)",Manhattan,9.658364732,49.67,0,0.999999000001,7.693937325509272,11.514953407304466,1.920020087,3.583518938,6.741979898,2.0466574556653896,2.772588722239781
152,"135 St (C,B)",Manhattan,8.239271347,45.67,0,0.999999000001,8.146998697389993,11.450156044717149,1.979796837,3.871201011,7.786988853,2.17327208793432,2.9444389791664403
153,"125 St (A,C,B,D)",Manhattan,9.814803373,122.67,0,1.999996000008,8.946374826141717,11.332458187936457,1.997187732,4.110873864,12.81483631,2.6257431095900188,3.1780538303479458
154,"116 St (C,B)",Manhattan,8.435424874,45.33,0,0.6666662222225186,9.04981944514108,11.3416981389818,1.832761556,3.931825633,13.78894783,2.693880133556529,3.091042453358316
155,"Cathedral Pkwy (110 St) (C,B)",Manhattan,8.58704681,46.0,0,0.999999000001,8.8110561229431,11.341710006516378,1.432772433,3.526360525,13.89777872,2.701212122643375,2.995732273553991
156,"103 St (C,B)",Manhattan,8.095092785,46.33,0,0.999999000001,8.393216011596527,11.120800973799138,1.124597907,3.295836866,9.846439964,2.383836912228269,3.091042453358316
157,"96 St (C,B)",Manhattan,8.894376067,45.67,0,0.6666662222225186,8.567506005289827,11.085398780059544,1.055982777,3.663561646,9.106271279,2.3131561498698203,3.688879454113936
158,"86 St (C,B)",Manhattan,9.038652325,45.33,0,0.999999000001,8.62245370207373,11.061500184485686,1.628810765,3.610917913,8.877443507,2.2902537239248666,3.6375861597263857
159,"81 St-Museum of Natural History (C,B)",Manhattan,9.222978945,45.33,0,0.6666662222225186,8.81269461292015,10.956980431564268,1.705200468,3.737669618,10.79202359,2.467423335953799,3.6635616461296463
160,"72 St (C,B)",Manhattan,8.90255692,45.0,0,0.999999000001,9.197153810172008,10.952401765007384,1.10984079,4.127134385,15.20743036,2.785469801281599,3.912023005428146
162,"50 St (C,E)",Manhattan,9.66819851,73.33,0,0.999999000001,10.797757599041017,11.124730368027018,1.587254961,4.96284463,33.75314377,3.5482700361202397,4.356708826689592
164,"34 St-Penn Station (A,C,E)",Manhattan,10.96492148,116.33,0,1.999996000008,10.741557249815685,10.647494183386884,1.787893054,5.170483995,32.07240106,3.49869912974058,4.343805421853684
165,"23 St (C,E)",Manhattan,9.645107487,73.67,0,0.999999000001,10.50687412588845,11.14588267445934,1.741463449,4.836281907,24.55397486,3.2407928763696336,4.330733340286331
618,"14 St/8 Av (A,C,E,L)",Manhattan,10.46026783,68.0,1,0.999999000001,9.852404762306811,11.221971378648028,1.98248421,4.564348191,20.73411523,3.078883156457837,3.555348061489413
167,"W 4 St-Wash Sq (A,C,E,B,D,F,M)",Manhattan,10.34240125,108.0,0,1.333331555557926,9.781263419790754,11.335806351967298,1.909005806,4.615120517,21.46516791,3.111966016787536,3.49650756146648
168,"Spring St (C,E)",Manhattan,9.268598184,74.0,0,0.999999000001,9.653679132512428,10.819038010475133,1.840527681,4.672828834,21.49908766,3.1134747599438195,3.5263605246161616
169,"Canal St (A,C,E)",Manhattan,9.523613451,116.67,0,1.999996000008,9.90113478695253,10.7247640608066,1.729551352,4.770684624,24.72210792,3.247350852465293,3.713572066704308
173,"High St (A,C)",Brooklyn,8.842391169,73.67,0,0.999999000001,9.489637387893524,10.580962563701778,2.064518912,4.007333185,11.96470585,2.5622307307270806,2.772588722239781
636,"Jay St-MetroTech (A,C,F,R)",Brooklyn,10.21605448,38.0,3,0.6666662222225186,9.643290937019207,10.97243069954219,2.026646565,3.828641396,11.95906003,2.5617951597444235,2.833213344056216
175,"Hoyt-Schermerhorn Sts (A,C,G)",Brooklyn,9.067431573,109.0,0,1.999996000008,9.591034531092426,10.94183661241081,1.950456144,3.80666249,11.46182947,2.5226703300290456,2.833213344056216
176,Lafayette Av (C),Brooklyn,8.284448819,30.67,0,0.6666662222225186,8.799963219506997,10.812632816249412,1.924250365,4.262679877,8.779507766,2.2802891521052486,2.8903717578961645
177,Clinton-Washington Avs (C),Brooklyn,8.600729544,30.33,0,0.6666662222225186,8.105911197986508,10.849375920849226,1.963856918,4.094344562,7.743784257,2.168343077308182,2.9444389791664403
627,"Franklin Av (C,S)",Brooklyn,8.271086076,36.0,3,0.1538461301775184,7.754481547470383,10.922515361861397,1.841583443,2.833213344,6.671150522,2.0374666069981777,2.70805020110221
179,"Nostrand Av (A,C)",Brooklyn,9.418919576,72.33,0,0.999999000001,7.920083199053234,10.992537601700546,1.756511572,3.218875825,5.441073505,1.8626952195474555,2.70805020110221
180,Kingston-Throop Avs (C),Brooklyn,8.462751897,30.67,0,0.499999750000125,8.10530751550515,11.00019803391464,1.941202646,2.833213344,4.501687674,1.70505489498783,2.772588722239781
181,"Utica Av (A,C)",Brooklyn,9.138557613,72.33,0,0.999999000001,8.048149101665201,10.928471241312758,1.722076557,2.564949357,3.80580241,1.5698240232772631,2.833213344056216
182,Ralph Av (C),Brooklyn,8.140563541,30.67,0,0.499999750000125,7.655390644826152,10.970316733695515,1.729268315,2.48490665,3.66957985,1.5410690997533678,2.9444389791664403
183,Rockaway Av (C),Brooklyn,8.210139187,30.0,0,0.499999750000125,7.370860166536716,10.881061512827182,1.706440416,1.386294361,4.907176993,1.7761680511401328,2.833213344056216
621,"Broadway Junction (A,C,J,Z,L)",Brooklyn,8.609604828,61.0,4,0.999999000001,7.340835554123275,10.326858064513129,2.087523946,0.693147181,3.879952902,1.585135568588974,2.4849066497880004
185,Liberty Av (C),Brooklyn,7.428898789,30.33,0,0.499999750000125,7.278628942320682,10.318341777940978,2.21688217,1.791759469,3.377737158,1.4765319602951803,2.3978952727983707
186,Van Siclen Av (C),Brooklyn,7.489667131,30.33,0,0.499999750000125,7.049254841255837,10.636816522728903,1.906255828,1.791759469,3.435933287,1.4897380303759356,2.639057329615259
187,Shepherd Av (C),Brooklyn,7.512616488,29.67,0,0.6666662222225186,7.560601162768557,10.765638838309634,1.703647598,1.098612289,4.478630815,1.7008552184645214,2.5649493574615367
188,"Euclid Av (A,C)",Brooklyn,8.857989073,72.33,0,0.999999000001,7.450079569807499,10.889024457147098,1.792982036,1.098612289,5.040740693,1.7985266357195122,2.302585092994046
189,Grant Av (A),Brooklyn,8.260281706,43.33,0,0.999999000001,7.290292882446597,10.796079677632406,1.567604977,0.693147181,4.804719101,1.7586712248317755,2.3978952727983707
190,80 St (A),Queens,8.015917691,43.67,0,0.6666662222225186,7.125283091510712,10.590566357694469,1.48990351,0.693147181,4.519511496,1.708289359271455,2.772588722239781
191,88 St (A),Queens,7.594970805,44.0,0,0.6666662222225186,7.720905251936779,10.40477785931878,1.274282239,0.0,4.69076068,1.7388439263733808,2.772588722239781
192,Rockaway Blvd (A),Queens,8.535489817,44.33,0,0.999999000001,8.064007347096661,10.356599314111646,1.495720384,0.0,4.956941565,1.7845571891305845,2.70805020110221
193,104 St (A),Queens,7.146854697,21.33,0,0.3636362314050067,8.181440695719374,10.362209026944724,1.345960758,0.0,4.853059973,1.7669645967968242,2.8903717578961645
194,111 St (A),Queens,7.398794195,21.33,0,0.444444246913668,8.302017809751204,10.628980909135285,1.119616448,0.0,4.613650001,1.7252011320347005,2.772588722239781
195,Ozone Park-Lefferts Blvd (A),Queens,8.4363293,21.33,0,0.399999840000064,8.429454277108231,10.732541427456502,0.77054551,0.693147181,3.52305144,1.509186863413568,2.5649493574615367
221,21 St-Queensbridge (M),Queens,8.582683829,33.67,2,0.499999750000125,8.976514972315112,9.923486239042818,2.131360712,2.302585093,7.12693738,2.0951841465611194,2.70805020110221
222,Roosevelt Island (M),Manhattan,8.597356267,33.33,2,0.6666662222225186,8.071218539969863,10.513225949874762,1.877783375,2.833213344,1.87032419,1.0544249815803872,1.3862943611198906
223,"Lexington Av/63 St (M,Q)",Manhattan,9.422960644,74.33,0,0.999999000001,10.374272126764936,11.131913916491309,1.720803338,3.850147602,33.62882343,3.544686382382344,4.465908118654584
224,57 St (M),Manhattan,9.115785932,33.0,2,0.6666662222225186,10.738221097157943,10.374865237335008,1.407263704,4.477336814,34.26505825,3.562892622438163,4.477336814478207
59,9 Av (D),Brooklyn,8.291140266,35.0,0,0.399999840000064,8.399984990510696,10.572700582800442,1.388755239,1.609437912,18.67354631,2.979274906440408,2.4849066497880004
60,Fort Hamilton Pkwy (D),Brooklyn,7.983153616,34.67,0,0.499999750000125,8.889032571874742,11.032758362158033,1.948239489,1.386294361,23.71414666,3.2073758189526487,2.4849066497880004
61,50 St (D),Brooklyn,7.839638521,34.33,0,0.6666662222225186,9.025696119812585,11.11265683176888,1.611262735,0.693147181,27.83321516,3.361528026764215,2.079441541679836
62,55 St (D),Brooklyn,7.24174647,35.0,0,0.499999750000125,9.08239335764556,10.937916812427323,1.896922809,1.098612289,27.93215412,3.3649535759464397,2.19722457733622
615,"62 St/New Utrecht Av (D,N)",Brooklyn,8.230168345,34.67,1,0.6666662222225186,8.911529941736559,10.83651740041456,1.785037348,0.693147181,18.55709846,2.9733383131123348,2.19722457733622
64,71 St (D),Brooklyn,8.149270785,34.0,0,0.5714282448981458,8.600062669238532,10.822933302103584,1.707274748,1.098612289,10.92247486,2.47842526256986,2.302585092994046
65,79 St (D),Brooklyn,8.396858777,34.0,0,0.6666662222225186,8.383433201236713,10.842263584629354,1.330738601,1.609437912,8.141814777,2.2128589190392405,2.3978952727983707
66,18 Av (D),Brooklyn,8.379397373,34.33,0,0.499999750000125,8.28374674710613,10.881400055966452,1.441715688,1.791759469,6.505023461,2.01557259112984,2.3978952727983707
67,20 Av (D),Brooklyn,8.188285361,34.33,0,0.6666662222225186,8.121777419161074,10.93426701089498,1.607818234,1.791759469,7.093908339,2.091111721828147,2.3978952727983707
68,Bay Pkwy (D),Brooklyn,8.600917803,35.0,0,0.6666662222225186,8.247482004285693,10.885996643829152,1.532427268,1.098612289,8.131429364,2.2117222391986973,2.3978952727983707
69,25 Av (D),Brooklyn,8.035855403,34.0,0,0.499999750000125,7.738923757439457,10.81458482169893,1.413561873,1.386294361,7.084913877,2.089999840776912,2.3978952727983707
70,Bay 50 St (D),Brooklyn,7.553723148,32.0,0,0.499999750000125,7.706612913964197,10.13765017033277,1.933273135,1.386294361,5.562700796,1.8814022249353628,2.5649493574615367
210,Norwood-205 St (D),Bronx,8.386658603,34.33,2,0.499999750000125,8.749890955535259,11.01794038142337,1.802075942,2.302585093,8.989815303,2.301566104301365,2.9444389791664403
211,"Bedford Park Blvd (B,D)",Bronx,8.358664767,46.67,2,0.6666662222225186,8.0323601479245,11.149211519571828,1.983608156,2.48490665,7.972231898,2.1941344631808257,2.995732273553991
212,"Kingsbridge Rd (B,D)",Bronx,8.300422027,47.67,2,0.6666662222225186,8.196161139282902,11.405685406299774,2.037484593,2.302585093,8.803440615,2.282733407224519,3.044522437723423
213,"Fordham Rd (B,D)",Bronx,8.722433306,47.67,2,0.6666662222225186,8.872487182278038,11.5512611712358,2.062062022,2.079441542,12.54108597,2.6057284688469387,3.1354942159291497
214,"182-183 Sts (B,D)",Bronx,7.962863291,41.67,2,0.999999000001,8.6921543938039,11.555889164402345,2.115071621,1.098612289,8.282619846,2.228143817947239,3.044522437723423
215,"Tremont Av (B,D)",Bronx,8.401200289,48.0,2,0.6666662222225186,8.48879371689454,11.40544047198548,2.249045456,1.609437912,7.239597882,2.1089515420024307,2.8903717578961645
216,"174-175 Sts (B,D)",Bronx,7.914542296,42.67,2,0.6666662222225186,8.127995055771946,11.389514120054994,2.147413238,1.098612289,7.835840384,2.178816221112229,2.833213344056216
217,"170 St (B,D)",Bronx,8.159659924,42.33,2,0.6666662222225186,8.236420527265391,11.51566171801311,2.081559651,0.693147181,9.704287083,2.370644323186906,2.9444389791664403
218,"167 St (B,D)",Bronx,8.497026706,42.33,2,0.6666662222225186,8.53050420547591,11.557248523606892,2.016725218,1.609437912,9.978247446,2.395915810044923,2.772588722239781
220,"155 St (B,D)",Manhattan,7.542003577,42.67,2,0.6666662222225186,6.651571873589727,11.235088107233372,2.007013355,3.526360525,5.418238146,1.8591436479512664,2.833213344056216
277,"7 Av (E,B,D)",Manhattan,9.52416522,94.33,0,1.999996000008,10.835572890308924,10.752205832221462,1.314887872,4.682131227,33.67182597,3.545927425457456,4.477336814478207
225,"47-50 Sts-Rockefeller Ctr (B,D,F,M)",Manhattan,10.66394524,106.67,2,1.999996000008,11.157735132735686,10.182179333149776,1.198295761,4.96284463,37.71732346,3.656287134502569,4.454347296253507
607,"34 St-Herald Sq (B,D,F,M,N,Q,R,W)",Manhattan,11.2531854,123.33,2,1.999996000008,11.053869688688987,10.622205009207605,1.309865056,5.347107531,36.94899252,3.636242955926664,4.532599493153256
228,"23 St (F,M)",Manhattan,9.883986426,57.33,2,0.999999000001,10.45676903533851,11.178990008000984,1.647464251,5.062595033,25.87564807,3.2912206003896416,4.406719247264253
231,"Grand St (B,D)",Manhattan,9.763261905,50.0,2,0.999999000001,9.37873202323664,11.285372205167318,1.814722945,4.770684624,24.41521603,3.2353480509611074,3.951243718581428
41,"7 Av (B,Q)",Brooklyn,8.915611484,53.67,0,0.999999000001,8.240385115516334,10.950631092829044,1.672839702,3.36729583,6.79976076,2.054093061430285,2.772588722239781
42,"Prospect Park (B,Q,S)",Brooklyn,8.833159511,90.0,0,0.999999000001,7.255591274253665,10.502461406828813,1.256540974,2.772588722,3.632068225,1.5330034692209444,2.5649493574615367
43,Parkside Av (Q),Brooklyn,8.403948021,39.0,0,0.6666662222225186,7.563200592358071,11.010894388885731,1.539043466,2.772588722,4.23614859,1.655586226178222,2.772588722239781
44,"Church Av (B,Q)",Brooklyn,9.218022653,53.33,0,0.999999000001,7.851661177889265,11.044488607696024,1.770489444,3.044522438,5.335336172,1.8461428781899445,2.9444389791664403
45,Beverley Rd (Q),Brooklyn,7.920593781,38.33,0,0.6666662222225186,8.245909264774093,11.096682483690186,1.77231946,2.944438979,6.25058071,1.98108156358995,2.772588722239781
46,Cortelyou Rd (Q),Brooklyn,8.351511235,38.33,0,0.6666662222225186,8.01565761455734,11.085582778342747,1.560650865,2.772588722,6.557555689,2.0225478163509103,2.772588722239781
47,"Newkirk Plaza (B,Q)",Brooklyn,8.890066651,53.33,0,0.999999000001,7.822044008185619,10.941323124488626,1.380552933,2.079441542,6.994012207,2.0786927873082317,2.70805020110221
48,Avenue H (Q),Brooklyn,7.739542214,39.0,0,0.6666662222225186,7.790696031174738,10.697610650436076,1.501574042,1.791759469,7.610122137,2.1529385038210243,2.772588722239781
49,Avenue J (Q),Brooklyn,8.271625314,39.0,0,0.6666662222225186,8.782476268924539,10.627430633893226,1.495423836,1.945910149,9.992572669,2.397219832831054,2.639057329615259
50,Avenue M (Q),Brooklyn,8.308593595,38.67,0,0.6666662222225186,9.395491255780296,10.728145335298285,1.572793303,1.386294361,11.44496328,2.521315985232639,2.833213344056216
51,"Kings Hwy (B,Q)",Brooklyn,9.583293783,53.0,0,0.999999000001,9.494917629474484,10.769621186412348,1.541958966,1.098612289,9.676484975,2.3680436571684425,2.639057329615259
52,Avenue U (Q),Brooklyn,8.531966974,38.67,0,0.6666662222225186,9.085457189829492,10.735613760377523,1.425287836,0.693147181,7.564649829,2.147643246994019,2.772588722239781
53,Neck Rd (Q),Brooklyn,8.085352349,38.67,0,0.6666662222225186,9.180705566846491,10.739673908168612,1.563503433,0.693147181,7.484592877,2.138251916038282,2.772588722239781
54,"Sheepshead Bay (B,Q)",Brooklyn,9.179988267,53.0,0,0.999999000001,9.650786448979591,10.5540925098304,1.832079811,1.098612289,8.119086047,2.2103695849197305,2.19722457733622
55,"Brighton Beach (B,Q)",Brooklyn,9.026990972,52.33,0,0.999999000001,9.165970424240244,10.756518944771091,1.879936956,1.945910149,14.44866001,2.7375222688380894,1.9459101490553128
56,Ocean Pkwy (Q),Brooklyn,7.731789871,38.33,0,0.6666662222225186,8.726805608446096,10.553074618343691,1.786199234,1.791759469,15.07288408,2.777133633466179,2.3978952727983707
57,"W 8 St-NY Aquarium (F,Q)",Brooklyn,7.525587845,71.0,0,0.999999000001,7.425953657077541,10.142228824473392,1.846808428,2.197224577,13.02508595,2.640847579732228,2.302585092994046
58,"Coney Island-Stillwell Av (D,F,N,Q)",Brooklyn,9.207722992,137.0,0,1.999996000008,8.39185670010494,9.88999696235363,2.148936637,2.197224577,7.974577704,2.194395880788232,2.302585092994046
254,Jamaica-179 St (F),Queens,9.547995957,41.67,4,0.6666662222225186,8.749890955535259,10.447641563750562,1.57758438,0.693147181,5.090387747,1.80671174915312,3.784189633918261
255,169 St (F),Queens,8.620945884,39.67,4,0.7999993600005121,8.804024902413179,10.69808511413156,1.877374708,1.791759469,6.618695845,2.0306052061007707,3.951243718581428
256,Parsons Blvd (F),Queens,8.535619596,42.33,4,0.6666662222225186,9.157466882369114,10.731624436867817,1.869029407,2.995732274,8.218765853,2.2212411731860726,3.951243718581428
257,Sutphin Blvd (F),Queens,8.002434185,40.67,4,0.6666662222225186,8.381831553485561,10.715195244217844,2.057990989,1.386294361,8.442274057,2.2451968470153028,3.688879454113936
258,"Briarwood (E,F)",Queens,8.195082061,60.33,0,0.999999000001,8.506940814951886,10.561370183995765,1.861889769,1.386294361,4.97612915,1.7877730590427754,3.58351893845611
259,"Kew Gardens-Union Tpke (E,F)",Queens,9.741070069,83.33,0,1.333331555557926,8.974364841846596,10.16531321044268,1.877202083,1.386294361,3.835002996,1.5758817485534629,3.4011973816621555
260,"75 Av (E,F)",Queens,7.784019413,59.67,0,0.999999000001,9.114710140960932,10.268720769756412,1.800229028,1.386294361,4.175163681,1.6438709678299848,3.1354942159291497
276,"5 Av/53 St (E,F)",Manhattan,9.755224411,67.0,0,0.999999000001,11.025344251183697,10.220303579712972,1.087365288,4.48863637,38.35640228,3.672658662518512,4.465908118654584
232,2 Av (F),Manhattan,9.389475814,41.67,2,0.6666662222225186,9.374837343857584,11.354246213289242,1.78924315,5.214935758,22.00955413,3.135909526632241,3.332204510175204
625,"Delancey St-Essex St (F,M,J,Z)",Manhattan,9.945648694,68.67,3,0.999999000001,9.087381464575737,11.40802040113403,1.788208612,4.477336814,21.4659005,3.111998626294765,3.332204510175204
234,East Broadway (F),Manhattan,9.299962903,41.0,4,0.6666662222225186,9.035510680940524,11.270420688927391,1.854035382,4.219507705,23.11049262,3.1826471241701606,3.784189633918261
235,York St (F),Brooklyn,9.23181592,41.33,4,0.6666662222225186,9.398312600278953,10.301122081529105,2.063582088,3.63758616,11.90759886,2.557816196855255,2.772588722239781
236,"Bergen St (F,G)",Brooklyn,9.050123048,76.0,3,0.999999000001,9.525151111816216,10.93647628718689,1.899887222,3.610917913,11.3076138,2.510218079001946,2.772588722239781
237,"Carroll St (F,G)",Brooklyn,9.090521123,76.67,3,0.999999000001,8.6164953924901,10.631277676539613,2.093869323,3.091042453,12.93525201,2.634421745449252,3.1354942159291497
238,"Smith-9 Sts (F,G)",Brooklyn,8.043931702,76.0,3,0.999999000001,8.574518258035507,10.075211485694805,2.166324368,2.772588722,14.74479061,2.7565095556395343,2.772588722239781
608,"4 Av-9 St (F,G,R)",Brooklyn,9.125373697,38.67,2,0.6666662222225186,8.645234541297121,10.532256199159868,2.06345817,3.496507561,8.307816349,2.23085451479847,2.9444389791664403
240,"7 Av (F,G)",Brooklyn,9.102556513,77.0,0,0.999999000001,8.524168805152662,10.812250017989491,1.553368212,3.135494216,8.428498704,2.2437368797292443,2.302585092994046
241,"15 St-Prospect Park (F,G)",Brooklyn,8.406149663,77.0,2,0.999999000001,8.236950048061455,10.463788819762645,1.23407864,2.397895273,8.327152687,2.232929790040667,2.19722457733622
242,"Fort Hamilton Pkwy (F,G)",Brooklyn,8.390362418,75.67,2,0.999999000001,7.930925372483388,10.390471201816547,1.44714404,2.772588722,5.988586193,1.9442782744147384,2.4849066497880004
243,"Church Av (F,G)",Brooklyn,8.801787082,76.33,2,0.999999000001,8.935377071932177,10.77787236932699,1.81637995,1.945910149,11.36453822,2.514832554542084,2.70805020110221
244,Ditmas Av (F),Brooklyn,8.004382208,40.33,2,0.6666662222225186,9.109967397829395,11.02088888310082,1.760046377,1.098612289,16.85371139,2.882211407621474,2.639057329615259
245,18 Av (F),Brooklyn,7.841102405,39.67,2,0.999999000001,8.69483715865908,10.774550766473594,1.596347094,0.693147181,19.81342465,3.0355981943814125,2.70805020110221
246,Avenue I (F),Brooklyn,7.183655362,40.0,2,0.6666662222225186,8.300031711779575,10.36482877120321,1.747080798,0.0,18.62122999,2.9766121427940564,2.302585092994046
247,Bay Pkwy (F),Brooklyn,6.85738503,39.67,2,0.6666662222225186,7.916078096302786,10.343482903541116,1.660066911,0.0,15.25983664,2.788698057328728,1.791759469228055
248,Avenue N (F),Brooklyn,7.645728878,40.0,4,0.6666662222225186,8.321421586897879,10.634075016069918,1.744078013,1.386294361,12.04152445,2.5681384553404176,2.19722457733622
249,Avenue P (F),Brooklyn,7.53064635,40.0,4,0.6666662222225186,8.480114183174816,10.812975195790544,1.458648631,1.386294361,10.50379591,2.4426770600355074,2.4849066497880004
250,Kings Hwy (F),Brooklyn,7.859343455,40.33,4,0.6666662222225186,8.452334619067742,10.67505304523018,1.582730955,1.098612289,9.211203449,2.3234854948681045,2.5649493574615367
251,Avenue U (F),Brooklyn,7.243563289,34.33,4,0.6666662222225186,7.933079771880415,10.569982702098647,1.343008249,1.791759469,7.459867474,2.135333508483614,2.079441541679836
252,Avenue X (F),Brooklyn,7.522154903,34.0,4,0.6666662222225186,7.939515260662406,10.45097292066472,1.779459047,1.386294361,8.878459657,2.29035659444336,2.19722457733622
253,Neptune Av (F),Brooklyn,7.074161364,33.0,4,0.499999750000125,8.452121194672523,10.44371662667136,1.861141233,1.791759469,11.23080855,2.5039580595334017,2.302585092994046
278,"Jamaica Center-Parsons/Archer (E,J,Z)",Queens,9.964136665,76.0,0,0.999999000001,8.611593866837723,10.504217863629703,2.292630342,3.091042453,6.845771688,2.059974748205165,3.7612001156935615
279,"Sutphin Blvd-Archer Av-JFK Airport (E,J,Z)",Queens,9.910673452,75.67,0,0.999999000001,8.512381634419015,10.413222581820088,2.190964098,2.079441542,5.425282797,1.860240644909924,3.610917912644224
280,Jamaica-Van Wyck (E),Queens,8.121509156,39.33,0,0.6666662222225186,8.347827345782498,10.449960203748262,2.053352087,0.693147181,6.01904259,1.9486268255458037,3.7612001156935615
261,"Forest Hills-71 Av (E,F,M,R)",Queens,9.855555138,134.33,0,1.999996000008,9.57644075656207,10.660923222978436,1.709113339,1.386294361,5.109076464,1.809775610204128,3.091042453358316
262,"67 Av (M,R)",Queens,8.664419413,56.33,0,0.999999000001,9.665611001619853,11.07872131852226,1.639476359,1.791759469,6.420958162,2.004308181187439,3.1354942159291497
263,"63 Dr-Rego Park (M,R)",Queens,9.216342131,56.0,0,0.999999000001,9.335121088873487,11.068683145347393,1.748297311,1.609437912,8.686035145,2.2706851724072443,3.4011973816621555
264,"Woodhaven Blvd (M,R)",Queens,9.514577038,55.33,0,0.999999000001,9.284241179815718,10.929511227061862,1.905804737,1.386294361,8.830371975,2.28547677423662,3.332204510175204
265,"Grand Av-Newtown (M,R)",Queens,9.47130129,56.0,0,0.999999000001,8.753529336516431,10.931784667289213,1.974951218,2.197224577,6.200291339,1.974121488953374,3.4339872044851463
266,"Elmhurst Av (M,R)",Queens,9.092769648,55.67,0,0.999999000001,8.366370301681654,11.288017858625464,1.953184448,2.48490665,7.757268167,2.169884003229824,3.218875824868201
268,"65 St (M,R)",Queens,7.784743911,51.67,0,0.6666662222225186,8.206583614320753,10.872313806912905,1.992185048,2.302585093,8.16172539,2.2150345223019783,2.5649493574615367
269,"Northern Blvd (M,R)",Queens,8.47455862,51.33,0,0.6666662222225186,8.306965865368573,10.455157570571496,2.147716036,1.791759469,8.014046992,2.198784137478742,2.5649493574615367
270,"46 St (M,R)",Queens,8.58508018,51.33,0,0.999999000001,8.588024372176829,10.448569664980209,2.117703072,1.791759469,6.689751078,2.0398884134227755,2.3978952727983707
271,"Steinway St (M,R)",Queens,9.080818182,51.33,0,0.6666662222225186,8.368925174747135,10.579742865425857,1.932903569,2.772588722,6.2734896,1.984236176382279,2.4849066497880004
272,"36 St (M,R)",Queens,7.896172821,51.0,0,0.6666662222225186,8.880029117468442,9.813781639451635,1.995230473,2.48490665,5.883556724,1.929135484062196,2.639057329615259
273,"Queens Plaza (E,F,R)",Queens,9.480332383,102.67,0,1.999996000008,9.26416545867109,9.501441592473618,1.848422482,2.708050201,5.875131571,1.9279107809695133,2.772588722239781
282,21 St (G),Queens,7.185452049,36.0,0,0.499999750000125,9.080231686629162,9.92842403782616,2.105075863,2.63905733,3.80727394,1.5701301750143175,2.772588722239781
283,Greenpoint Av (G),Brooklyn,8.922142153,35.33,0,0.6666662222225186,8.864181369765426,10.15743185300305,2.008244233,2.48490665,8.964697838,2.2990486308768783,1.9459101490553128
284,Nassau Av (G),Brooklyn,8.847356171,36.0,0,0.6666662222225186,9.111514017669288,10.430137311649004,2.067945223,2.63905733,8.353774706,2.2357799737025417,2.079441541679836
629,"Metropolitan Av/Lorimer St (G,L)",Brooklyn,9.348695017,68.33,4,0.999999000001,8.843182098022606,10.93604906607567,1.921859819,2.63905733,9.446993188,2.3463142038019376,2.639057329615259
286,Broadway (G),Brooklyn,8.098767668,36.33,0,0.6666662222225186,9.037533407550814,11.228929922243076,1.912364214,1.945910149,21.13402449,3.0971159942845587,2.833213344056216
287,Flushing Av (G),Brooklyn,7.715506686,36.33,0,0.6666662222225186,8.854379458771108,11.251677577122404,2.134548722,1.609437912,23.04626284,3.179979593209105,2.8903717578961645
288,Myrtle-Willoughby Avs (G),Brooklyn,8.228791266,36.0,0,0.6666662222225186,8.517393171418904,11.109922323732984,2.047050976,0.693147181,12.71958527,2.618824393706749,2.70805020110221
289,Bedford-Nostrand Avs (G),Brooklyn,8.74235934,36.33,0,0.6666662222225186,8.248790733696413,11.095347288978262,1.935776819,2.197224577,10.65555657,2.4557830251013,2.70805020110221
290,Classon Av (G),Brooklyn,8.298410868,36.0,0,0.6666662222225186,8.490233009833455,11.017546590193264,1.912732595,2.890371758,11.25842086,2.506213117970651,2.8903717578961645
291,Clinton-Washington Avs (G),Brooklyn,8.276765421,35.67,0,0.999999000001,8.915566545710645,10.936387297838856,1.961097941,4.189654742,9.92872226,2.391394393250564,2.995732273553991
292,Fulton St (G),Brooklyn,8.418607076,35.67,0,0.6666662222225186,9.05204779298159,10.881381251020752,1.940454696,4.143134726,9.271557415,2.329378659473403,2.8903717578961645
196,Aqueduct Racetrack (A),Queens,6.256638767,12.67,0,0.1818181487603365,7.43543801981455,9.458293602198967,1.251017801,0.0,2.458358312,1.2407940001695563,2.5649493574615367
197,Aqueduct-N Conduit Av (A),Queens,6.397419779,22.0,0,0.399999840000064,6.246106765481563,9.286560397887593,1.511080178,0.0,1.076082527,0.7304827174036904,2.639057329615259
198,Howard Beach-JFK Airport (A),Queens,7.747045605,22.33,0,0.399999840000064,6.873163834212518,8.955448122347393,1.027692004,0.0,2.480507804,1.24717820383065,2.302585092994046
199,"Broad Channel (A,S)",Queens,5.350880038,43.0,0,0.6666662222225186,7.00488198971286,7.333676395657684,1.343161099,0.0,2.540206169,1.2641849652803183,2.079441541679836
204,Beach 67 St (A),Queens,7.333369752,20.67,2,0.499999750000125,7.25063551189868,9.72483924110847,1.889249526,0.0,4.35351198,1.6777527904020466,2.19722457733622
205,Beach 60 St (A),Queens,7.052915949,20.67,2,0.444444246913668,7.25063551189868,9.845699528768732,1.930173801,0.0,4.35351198,1.6777527904020466,2.19722457733622
206,Beach 44 St (A),Queens,6.216475246,20.67,2,0.399999840000064,8.050065422915965,9.48158813796454,1.791642042,0.0,6.335104939,1.99267171810474,1.791759469228055
207,Beach 36 St (A),Queens,6.33434772,20.67,2,0.399999840000064,8.050065422915965,9.756899867693283,1.766531722,0.0,6.335104939,1.99267171810474,1.791759469228055
208,Beach 25 St (A),Queens,6.986344995,20.67,2,0.399999840000064,8.050065422915965,10.354626864135469,1.573010078,0.693147181,6.335104939,1.99267171810474,1.791759469228055
209,Far Rockaway-Mott Av (A),Queens,8.028316263,21.67,2,0.499999750000125,8.050065422915965,10.50309298868771,1.732032379,1.609437912,6.335104939,1.99267171810474,1.791759469228055
200,"Beach 90 St (A,S)",Queens,6.206120804,22.33,0,0.499999750000125,7.10002716662926,9.64322607566034,2.101413564,1.098612289,4.634227939,1.7288601263922665,2.19722457733622
201,"Beach 98 St (A,S)",Queens,5.734267726,22.33,1,0.3333332222222592,7.10002716662926,9.390325868972589,2.169569749,0.693147181,4.634227939,1.7288601263922665,2.19722457733622
202,"Beach 105 St (A,S)",Queens,5.273800287,22.67,0,0.399999840000064,7.10002716662926,9.11943049661634,2.106256963,0.0,4.634227939,1.7288601263922665,2.19722457733622
203,"Rockaway Park-Beach 116 St (A,S)",Queens,6.22617878,21.67,0,0.399999840000064,7.10002716662926,9.223848722000977,2.102352214,0.693147181,4.634227939,1.7288601263922665,2.19722457733622
80,"121 St (J,Z)",Queens,7.41693034,34.33,0,0.6666662222225186,8.592486175451668,10.396200120875193,1.829885009,1.945910149,5.748076559,1.9092575100550475,2.4849066497880004
81,111 St (J),Queens,7.409603279,35.0,0,0.6666662222225186,8.187021067343505,10.440039400873,1.669143891,2.079441542,5.180663827,1.8214256810731495,2.70805020110221
82,"104 St (J,Z)",Queens,7.657484229,34.33,0,0.999999000001,8.065893546964274,10.468261443129174,1.561502245,1.791759469,4.554600019,1.7146264167188188,2.70805020110221
83,"Woodhaven Blvd (J,Z)",Queens,7.586122694,36.0,0,0.6666662222225186,7.972810784121404,10.52080605059984,1.548902568,1.386294361,3.957205578,1.6008421904399348,2.4849066497880004
84,85 St-Forest Pkwy (J),Queens,7.903277761,34.67,0,0.6666662222225186,6.97166860472579,10.552238650793246,1.303033606,0.693147181,3.989547661,1.607345256556353,2.5649493574615367
85,"75 St-Elderts Ln (J,Z)",Queens,7.315204951,34.33,0,0.6666662222225186,6.805722553416985,10.43737519189882,1.416978559,0.693147181,3.40916776,1.4836859550962571,2.302585092994046
86,Cypress Hills (J),Brooklyn,6.927429895,34.67,0,0.6666662222225186,6.9363427358340495,10.25544639312115,1.240568278,1.386294361,2.745623739,1.32058815557082,2.302585092994046
87,"Crescent St (J,Z)",Brooklyn,7.75250841,36.33,0,0.6666662222225186,7.396948602621014,10.755239763272712,1.738956441,1.609437912,3.534800447,1.511781079732352,2.079441541679836
88,"Norwood Av (J,Z)",Brooklyn,7.345743815,33.67,0,0.6666662222225186,7.20934025660291,10.55947788869972,1.698249831,2.197224577,3.384699347,1.478121059505457,2.19722457733622
89,Cleveland St (J),Brooklyn,7.236558837,34.33,0,0.6666662222225186,7.026426808699636,10.579437708267552,1.793749947,1.945910149,2.993207687,1.3845948395008183,2.5649493574615367
90,"Van Siclen Av (J,Z)",Brooklyn,7.440325921,34.0,0,0.6666662222225186,7.109879463072272,10.390071711929084,2.022113496,2.079441542,2.850033634,1.3480818843654294,2.302585092994046
91,"Alabama Av (J,Z)",Brooklyn,7.171554448,36.0,0,0.6666662222225186,7.3031700512368,10.097655331613764,2.084233802,1.791759469,3.123398596,1.4166777252585654,2.302585092994046
93,"Chauncey St (J,Z)",Brooklyn,7.553649131,34.67,0,0.6666662222225186,7.101675971619444,10.797553125151618,1.808925498,0.693147181,3.64522435,1.5358396703459325,2.70805020110221
94,Halsey St (J),Brooklyn,8.27190732,35.0,0,0.6666662222225186,7.326465613840322,11.039122627865256,1.533666404,0.693147181,3.846839285,1.5783267986902407,2.70805020110221
95,"Gates Av (J,Z)",Brooklyn,8.448902463,34.0,0,0.6666662222225186,7.544861068658458,11.01854717258284,1.635791743,1.791759469,4.417001877,1.6895425031774556,2.833213344056216
96,Kosciuszko St (J),Brooklyn,8.27494184,34.33,0,0.6666662222225186,7.737616282857904,10.978643547390096,1.786247282,1.945910149,4.961363507,1.7852992312542235,2.70805020110221
118,3 Av (L),Manhattan,8.478227012,68.33,1,0.999999000001,9.755857235532105,11.553606649577231,1.829352736,4.976733742,22.70275838,3.165591428710377,3.970291913552122
119,1 Av (L),Manhattan,9.820255852,68.0,1,0.999999000001,9.560645068907071,11.552828637502817,1.80075135,4.532599493,21.3732931,3.1078679752174723,3.7612001156935615
120,Bedford Av (L),Brooklyn,10.11634656,68.33,3,0.999999000001,9.16303909885817,10.801023507926637,2.058452854,2.708050201,7.684355896,2.1615232341334294,2.5649493574615367
122,Graham Av (L),Brooklyn,8.868832864,68.0,2,0.999999000001,8.39615486303918,10.7343293225778,1.959234598,2.397895273,8.182094025,2.21725528591836,2.3978952727983707
123,Grand St (L),Brooklyn,8.504771525,68.0,3,0.999999000001,8.236950048061455,10.631494991732009,2.004136526,2.48490665,8.26029184,2.2257355643601677,2.4849066497880004
124,Montrose Av (L),Brooklyn,8.531572202,67.67,2,0.999999000001,8.360071435644025,10.732781452769414,2.017647098,2.63905733,9.312550464,2.333361645127614,2.4849066497880004
125,Morgan Av (L),Brooklyn,8.565806087,68.0,2,0.999999000001,8.498418036089904,10.411779970443762,1.982011731,2.302585093,7.782646839,2.1727778245170795,2.639057329615259
126,Jefferson St (L),Brooklyn,8.721100611,67.33,2,0.999999000001,8.957381735582787,10.636143866190784,1.780938828,1.945910149,8.732431593,2.27546377175956,2.70805020110221
127,DeKalb Av (L),Brooklyn,9.090920886,67.67,3,0.999999000001,8.43750042250699,11.051334351081936,1.787254165,2.397895273,8.53738811,2.255219664955914,2.9444389791664403
630,"Myrtle-Wyckoff Avs (M,L)",Brooklyn,9.667001606,36.67,3,0.6666662222225186,8.188133414510478,11.166879546554684,1.727603282,2.197224577,7.928097219,2.189203294804578,2.9444389791664403
129,Halsey St (L),Queens,8.60556925,61.67,2,0.999999000001,7.729295674310482,10.816171788816172,1.942022742,2.48490665,7.337947095,2.120817034391701,2.8903717578961645
130,Wilson Av (L),Brooklyn,8.024432387,62.0,2,0.999999000001,6.654152520183219,10.36100733177766,1.635352806,1.609437912,4.795532598,1.75708737903967,2.19722457733622
131,Bushwick Av-Aberdeen St (L),Brooklyn,7.473329196,61.67,2,0.999999000001,6.736966958001855,10.314503890682618,1.940065874,1.386294361,3.631073274,1.5327886498739802,2.3978952727983707
133,Atlantic Av (L),Brooklyn,7.179082549,61.33,2,0.999999000001,7.583247524303362,10.343998002387092,2.239936805,0.693147181,5.469338943,1.8670739306498616,2.3978952727983707
134,Sutter Av (L),Brooklyn,7.454626399,61.67,2,0.999999000001,7.526717561352706,10.615162037709958,2.087373961,1.098612289,4.652032328,1.7320151845511462,2.3978952727983707
135,Livonia Av (L),Brooklyn,7.569504559,61.33,2,0.999999000001,6.499787040655854,10.664900673766162,1.988164916,1.386294361,4.496805238,1.704167057652337,2.302585092994046
136,New Lots Av (L),Brooklyn,7.777120776,60.67,2,0.999999000001,8.19946419761216,10.195447959847472,2.147949307,1.386294361,6.144260328,1.96630928299986,2.70805020110221
137,East 105 St (L),Brooklyn,7.619437291,60.67,3,0.999999000001,8.266935347610456,9.991223666840217,2.038465956,0.693147181,3.267290212,1.4509790150170498,2.3978952727983707
138,Canarsie-Rockaway Pkwy (L),Brooklyn,7.656271798,57.0,1,0.999999000001,8.313852267398207,10.235162586673535,2.005137559,0.693147181,1.970825593,1.0888398916271154,2.5649493574615367
108,Middle Village-Metropolitan Av (M),Queens,8.002298908,36.33,1,0.6666662222225186,7.483806687665835,9.631547587032957,1.782185556,1.386294361,4.669309578,1.73506734277689,2.5649493574615367
109,Fresh Pond Rd (M),Queens,8.343355228,36.0,1,0.6666662222225186,8.32069157104845,10.671023023099933,1.722512173,2.397895273,6.557155646,2.022494882094843,2.8903717578961645
110,Forest Av (M),Queens,8.087260664,36.0,1,0.6666662222225186,8.308938252595778,11.082296383198514,1.480769351,2.772588722,6.939331463,2.0718290730995323,2.9444389791664403
111,Seneca Av (M),Queens,7.652931607,36.33,1,0.6666662222225186,8.062432791583195,11.15074970496046,1.692141624,2.63905733,7.505455181,2.1407077436397084,2.8903717578961645
113,Knickerbocker Av (M),Brooklyn,7.969171198,36.67,1,0.6666662222225186,8.12415060330663,11.119245636829277,1.81798493,2.079441542,7.703477719,2.1637226836027543,2.8903717578961645
114,Central Av (M),Brooklyn,7.947742186,37.0,1,0.6666662222225186,7.94873845481361,11.038029889644063,1.935594414,1.791759469,6.584930054,2.0261633911363544,2.833213344056216
97,"Myrtle Av (M,J,Z)",Brooklyn,9.061261272,72.67,0,0.999999000001,8.092851027538384,10.955008233670387,1.990267132,1.945910149,6.114219268,1.96209549509232,2.639057329615259
98,"Flushing Av (M,J)",Brooklyn,8.58607502,60.0,0,0.999999000001,8.379079889286603,10.994924157455142,2.116570087,2.079441542,9.691668877,2.3694648285677857,2.833213344056216
99,"Lorimer St (M,J)",Brooklyn,7.962409677,59.67,0,0.999999000001,8.720460512725655,11.23351574870244,2.029161013,2.079441542,18.84466932,2.987935422956867,2.8903717578961645
100,"Hewes St (M,J)",Brooklyn,7.57374902,60.0,0,0.999999000001,9.18204377282107,11.250534200138231,1.91344391,2.63905733,22.71200937,3.165981644272168,2.8903717578961645
101,"Marcy Av (M,J,Z)",Brooklyn,9.11383492,68.67,1,0.999999000001,9.36990494164752,11.250404188176947,1.950228821,2.890371758,21.06028971,3.093779146558705,2.772588722239781
103,"Bowery (J,Z)",Manhattan,7.805380805,36.67,1,0.499999750000125,9.44643963445061,11.223481841898789,1.724455677,5.010635294,24.41773126,3.2354470115815768,3.9318256327243257
107,"Broad St (J,Z)",Manhattan,8.393171774,37.0,1,0.6666662222225186,10.055822298839407,10.865840922736847,1.623779262,4.852030264,28.15843897,3.372744372442755,3.737669618283368
71,8 Av (N),Brooklyn,8.99090072,35.0,0,0.6666662222225186,8.263590432617319,10.925056796705926,1.915274417,0.0,15.50359804,2.803578420164551,3.4339872044851463
72,Fort Hamilton Pkwy (N),Brooklyn,8.506431072,35.33,0,0.6666662222225186,8.808070154764538,10.8136193570947,1.58406075,0.693147181,16.23055233,2.846684106323202,3.4011973816621555
74,18 Av (N),Brooklyn,8.20579663,34.67,0,0.6666662222225186,8.374246182096304,10.73007237132579,1.692902758,1.609437912,13.07828796,2.644633749586777,1.9459101490553128
75,20 Av (N),Brooklyn,8.057945118,35.0,0,0.6666662222225186,7.997326822998097,10.807827153290528,1.609829002,1.386294361,10.49337057,2.4417703969713225,2.079441541679836
76,Bay Pkwy (N),Brooklyn,8.526467277,35.33,0,0.6666662222225186,7.890956716138919,10.943446192410397,1.345291655,1.386294361,8.907120064,2.293253697025159,2.19722457733622
77,Kings Hwy (N),Brooklyn,8.313561312,35.33,0,0.6666662222225186,8.005367067316664,10.872769137130032,1.5767079,1.098612289,7.490529384,2.13895135220737,2.079441541679836
78,Avenue U (N),Brooklyn,7.933315936,35.0,0,0.6666662222225186,7.781138509845015,10.738025782538024,1.427656661,1.386294361,7.222496553,2.1068738798654203,2.3978952727983707
79,86 St (N),Brooklyn,7.492930591,34.0,0,0.499999750000125,7.612336837167746,10.484081746856742,1.932734654,1.609437912,7.662348413,2.158985865142129,2.4849066497880004
477,72 St (Q),Manhattan,10.03421131,40.67,0,0.6666662222225186,10.260602399703243,11.592558858116773,1.634964422,3.912023005,25.68154078,3.283971969754747,4.189654742026425
476,86 St (Q),Manhattan,9.779981948,41.33,0,0.6666662222225186,9.494315582496638,11.883205439342923,1.69240372,3.737669618,16.54676745,2.86486974206346,3.6635616461296463
475,96 St (Q),Manhattan,9.458335646,41.0,0,0.6666662222225186,9.356602878954437,11.550259784616918,1.798884725,3.33220451,13.66965265,2.685780914301293,3.258096538021482
1,"Astoria-Ditmars Blvd (N,W)",Queens,9.306343213,45.0,0,0.6666662222225186,8.97727273946428,10.641584197879569,1.664025458,2.564949357,5.791004699,1.9155988980766363,1.9459101490553128
2,"Astoria Blvd (N,W)",Queens,8.980128707,45.0,0,0.6666662222225186,8.705331133531631,10.815308308938832,1.782123577,2.708050201,5.832548291,1.9216977066326504,2.3978952727983707
3,"30 Av (N,W)",Queens,9.213894053,46.0,0,0.6666662222225186,8.559486103606488,10.93510497237996,1.800589606,2.302585093,5.774012769,1.9130936393952795,2.4849066497880004
4,"Broadway (N,W)",Queens,9.108339149,46.0,0,0.6666662222225186,8.575650760987806,10.946816139580935,1.803719209,2.63905733,5.97800612,1.9427632198063305,2.5649493574615367
5,"36 Av (N,W)",Queens,8.482422249,46.0,0,0.6666662222225186,8.82981174915805,10.46820459264593,2.15659135,2.63905733,6.758138485,2.0487424194642814,2.70805020110221
6,"39 Av-Dutch Kills (N,W)",Queens,7.910696248,46.33,0,0.6666662222225186,8.948066103458935,9.876013575535373,1.897103644,2.079441542,6.797150179,2.053758305268044,2.70805020110221
8,"5 Av/59 St (N,R,W)",Manhattan,9.338391538,82.33,0,0.999999000001,10.50613546228876,10.242884080674589,1.428221937,4.304065093,33.02817688,3.527188913172304,4.477336814478207
9,"57 St-7 Av (N,Q,R,W)",Manhattan,10.14722905,123.33,0,1.999996000008,10.629948612126007,10.814866240049264,1.373530553,4.615120517,31.1110913,3.469201493821005,4.477336814478207
10,"49 St (N,R,W)",Manhattan,9.828883165,82.67,0,0.999999000001,11.069026134343924,10.704075583356548,1.361190303,5.099866428,35.36010971,3.593472286631459,4.465908118654584
13,"28 St (R,W)",Manhattan,9.080184952,68.0,0,0.999999000001,10.819658277209706,11.01572328589452,1.54033159,4.997212274,32.65513051,3.51616551133363,4.442651256490317
14,"23 St (R,W)",Manhattan,9.553411932,68.67,0,0.999999000001,10.48754505050837,11.257194153750277,1.617383306,5.062595033,28.07960542,3.370037083797471,4.382026634673881
16,"8 St-NYU (R,W)",Manhattan,9.377495531,69.0,0,0.999999000001,9.715047314733996,11.453546941450728,1.826175748,5.187385806,22.56271018,3.1596653852745464,3.828641396489095
17,"Prince St (R,W)",Manhattan,9.047015396,68.33,0,0.999999000001,9.655731072956666,11.13273328883944,1.775742019,5.023880521,24.52971369,3.239843016541076,3.5263605246161616
20,"City Hall (R,W)",Manhattan,8.324153427,49.33,0,0.6666662222225186,10.18149800529118,11.078783065975196,1.544572667,4.8978398,27.53233405,3.3510379722541663,3.784189633918261
22,"Rector St (R,W)",Manhattan,8.301300562,49.0,0,0.6666662222225186,10.099465435777567,10.816472827401556,1.547241528,4.736198448,28.05123148,3.369060874137798,3.737669618283368
26,"DeKalb Av (B,Q,R)",Brooklyn,9.639070759,92.67,0,1.999996000008,9.57637141083894,10.912758479179155,1.975846846,3.713572067,10.9593555,2.481513859110611,2.833213344056216
28,Union St (R),Brooklyn,8.618649375,38.33,0,0.6666662222225186,8.331345424845724,10.782865306386745,2.084870218,3.433987204,9.055040805,2.308074081396391,2.70805020110221
30,Prospect Av (R),Brooklyn,8.390969925,39.0,0,0.6666662222225186,8.443331342817782,10.46201703637113,2.104085516,3.044522438,9.461652835,2.347716460972106,3.091042453358316
31,25 St (R),Brooklyn,7.889249994,39.0,0,0.6666662222225186,8.420682291035394,9.99337395933065,1.86232061,2.63905733,9.973095819,2.3954464422224278,2.995732273553991
32,"36 St (D,N,R)",Brooklyn,9.323297872,108.0,0,1.999996000008,8.762333040602343,9.947360886980098,1.879677189,2.397895273,11.34680214,2.513397093511875,2.9444389791664403
33,45 St (R),Brooklyn,8.648393546,39.33,0,0.6666662222225186,9.071882578828616,10.807827153290528,1.808706404,2.302585093,14.08854826,2.7139360627176554,2.772588722239781
34,53 St (R),Brooklyn,8.746378618,39.33,0,0.6666662222225186,8.850230965588816,11.10002780374474,1.808128725,2.397895273,15.0665788,2.7767412634938227,2.8903717578961645
35,"59 St (N,R)",Brooklyn,9.126476497,71.67,0,0.999999000001,8.740336742730447,10.934605845841022,2.072315819,2.079441542,14.00274146,2.708232948402905,3.49650756146648
36,Bay Ridge Av (R),Brooklyn,8.662446267,37.0,0,0.6666662222225186,8.416488487294606,10.786242183190828,2.013010261,2.302585093,9.986424151,2.396660342494826,4.04305126783455
37,77 St (R),Brooklyn,8.299934188,36.67,0,0.6666662222225186,8.303504798872783,10.741470737141524,1.597708049,2.48490665,7.804447555,2.1752569977878595,4.174387269895637
38,86 St (R),Brooklyn,9.062004171,36.67,0,0.6666662222225186,8.172164452111904,10.606882049547623,1.460767821,1.609437912,7.769198389,2.171245398443685,3.295836866004329
39,Bay Ridge-95 St (R),Brooklyn,8.314044165,36.33,0,0.6666662222225186,9.051813463747946,10.434321664760375,1.707979323,1.098612289,5.302099177,1.8408827805962087,4.23410650459726
141,Park Pl (S),Brooklyn,7.045037498,36.0,0,0.399999840000064,7.612336837167746,11.008959592551948,1.89618407,3.044522438,5.497747201,1.8714555323657776,2.639057329615259
502,Tompkinsville (SIR),Staten Island,6.145092205,0.0,1,0.6666662222225186,9.21959739323886,9.133243321591216,2.113781003,2.197224577,5.035207648,1.7976102612483813,3.9889840465642745
501,St George (SIR),Staten Island,8.87717553,0.0,1,0.6666662222225186,8.655388690167637,8.89959435992585,2.205897062,1.945910149,6.305771947,1.9886647134046604,3.784189633918261
