station_complex_id,station_complex_name,borough,avg_annual_ridership,log_avg_ridership,subway_trips_per_hour_am_peak,subway_lines_serving_station,jobs_access_network,pop_density_0p5mi,landuse_entropy_0p5mi,cultural_count_0p5mi_log1p,pct_walked_access_network,bus_routes_access_network,avg_headway_min_am_peak,service_x_jobs_access,density_x_service,jobs_x_density,entropy_x_density,inv_headway,log_jobs_access,log_density,cluster
293,Van Cortlandt Park-242 St (1),Bronx,4830.149734,8.482839758,43.33,0,4046,21362,1.576416256,0.693147181,7.001991559,11,1.5,175313.18,925615.46,86430652,33675.40406,0.666666222,8.305731145,9.969415733,1
294,238 St (1),Bronx,3132.381531,8.049868062,46.33,0,5524,39234,2.03586765,1.609437912,5.784740025,11,1.25,255926.92,1817711.22,216728616,79875.23138,0.79999936,8.617038526,10.57732448,1
295,231 St (1),Bronx,6068.436623,8.711021066,45.67,0,2972,55807,2.04220241,1.386294361,6.640499384,16,1.0,135731.24,2548705.69,165858404,113969.1899,0.999999,7.997326823,10.92967251,1
296,Marble Hill-225 St (1),Manhattan,3371.797896,8.123497915,46.33,0,4166,49359,2.241515982,1.945910149,6.62281374,16,1.0,193010.78,2286802.47,205629594,110638.9874,0.999999,8.334951631,10.80689566,1
297,215 St (1),Manhattan,1625.478834,7.394172733,46.33,0,1540,37445,2.047247853,2.772588722,10.67212612,12,1.0,71348.2,1734826.85,57665300,76659.19586,0.999999,7.340186835,10.53065517,1
298,207 St (1),Manhattan,4202.989296,8.343789186,47.0,0,1597,61989,2.129959783,2.944438979,10.79233622,11,1.0,75059.0,2913483.0,98996433,132034.077,0.999999,7.376508126,11.03472836,1
299,Dyckman St (1),Manhattan,4658.865445,8.446741852,46.67,0,2080,81310,1.963544909,2.890371758,10.78224175,15,1.5,97073.6,3794737.7,169124800,159655.8366,0.666666222,7.640603826,11.30603659,1
300,191 St (1),Manhattan,5273.958454,8.570726082,47.0,0,2959,85922,1.880147296,3.258096538,10.64536801,16,1.0,139073.0,4038334.0,254243198,161546.016,0.999999,7.992944547,11.36120683,1
301,181 St (1),Manhattan,7394.815735,8.908669678,46.33,1,4965,99526,1.910275953,3.688879454,10.8871903,15,1.0,230028.45,4611039.58,494146590,190122.1245,0.999999,8.510369966,11.50818424,1
605,"168 St-Washington Hts (1,A,C)",Manhattan,17334.49395,9.760511352,71.67,0,2329,80830,1.696153105,2.944438979,12.2210317,15,1.0,166919.43,5793086.1,188253070,137100.0555,0.999999,7.753623547,11.30011583,1
303,157 St (1),Manhattan,7076.841618,8.864724284,46.67,0,1918,80026,1.817454055,3.465735903,10.32446809,12,1.5,89513.06,3734813.42,153489868,145443.5782,0.666666222,7.559559496,11.29011936,1
304,145 St (1),Manhattan,6410.277758,8.765813868,47.0,0,2005,72591,1.959170676,3.526360525,6.310334029,17,1.5,94235.0,3411777.0,145544955,142218.1585,0.666666222,7.603897969,11.19261,1
305,137 St-City College (1),Manhattan,8579.733551,9.057274684,50.67,0,2980,64688,2.011932214,3.36729583,8.224436414,18,1.0,150996.6,3277740.96,192770240,130147.8711,0.999999,8.000014094,11.07734645,1
306,125 St (1),Manhattan,6426.772013,8.768383258,51.0,0,8880,58403,1.997356139,3.713572067,15.79686681,20,1.0,452880.0,2978553.0,518618640,116651.5906,0.999999,9.091669442,10.97513966,1
307,116 St-Columbia University (1),Manhattan,11143.2038,9.318674803,51.0,0,10366,61471,1.785818746,3.891820298,20.75039715,16,1.5,528666.0,3135021.0,637208386,109776.0641,0.666666222,9.246382963,11.02633707,1
308,Cathedral Pkwy (110 St) (1),Manhattan,8882.613994,9.091963734,51.33,0,10113,68806,1.819313776,3.970291914,17.24908857,15,1.0,519100.29,3531811.98,695835078,125179.7037,0.999999,9.221675882,11.13906076,1
309,103 St (1),Manhattan,8875.611212,9.091175143,51.33,0,7133,91536,1.778581228,3.988984047,12.57589735,13,1.5,366136.89,4698542.88,652926288,162804.2113,0.666666222,8.872627366,11.42449854,1
311,86 St (1),Manhattan,12503.78586,9.433866719,52.33,0,6333,95403,1.759991371,4.094344562,8.45686341,35,1.0,331405.89,4992438.99,604187199,167908.4568,0.999999,8.753687227,11.46587579,1
312,79 St (1),Manhattan,10515.42979,9.260694055,52.33,0,7841,88467,1.850500444,4.158883083,10.9942344,14,1.0,410319.53,4629478.11,693669747,163708.2228,0.999999,8.967249183,11.39039618,1
324,Houston St (1),Manhattan,10404.56422,9.250095964,53.33,0,14619,49254,1.939390149,4.430816799,20.1562399,30,1.0,779631.27,2626715.82,720044226,95522.7224,0.999999,9.590145733,10.80476616,1
635,"Whitehall St-South Ferry (1,R,W)",Manhattan,20708.2725,9.938336826,49.0,4,18936,28063,1.660677518,4.394449155,28.14212218,41,1.5,927864.0,1375087.0,531400968,46603.59319,0.666666222,9.848872959,10.2422429,1
416,Wakefield-241 St (2),Bronx,2810.395743,7.941436345,38.0,2,1864,21631,1.705850204,0.0,3.156117466,4,1.5,70832.0,821978.0,40320184,36899.24576,0.666666222,7.531016332,9.981928979,1
417,"Nereid Av (2,5)",Bronx,1891.40566,7.545604135,41.33,0,3097,31371,1.809267699,0.693147181,4.497835023,7,1.5,127999.01,1296563.43,97155987,56758.53699,0.666666222,8.038512021,10.35367105,1
418,"233 St (2,5)",Bronx,2606.342163,7.866086653,42.0,2,3262,40165,1.962247908,0.693147181,5.012029807,7,1.5,137004.0,1686930.0,131018230,78813.68722,0.666666222,8.090402297,10.60077615,1
419,"225 St (2,5)",Bronx,1906.389635,7.553490903,42.33,2,2261,43903,1.782420997,0.693147181,3.660940981,11,1.0,95708.13,1858413.99,99264683,78253.62903,0.999999,7.724004657,10.68976071,1
420,"219 St (2,5)",Bronx,1536.946118,7.338203115,42.0,2,1702,43617,1.725185729,1.098612289,3.858898626,9,1.5,71484.0,1831914.0,74236134,75247.42594,0.666666222,7.440146681,10.68322519,1
421,"Gun Hill Rd (2,5)",Bronx,4025.566219,8.300669237,41.67,0,4317,42584,1.884976077,1.098612289,5.25297706,15,1.5,179889.39,1774475.28,183835128,80269.82126,0.666666222,8.370547611,10.65925736,1
422,"Burke Av (2,5)",Bronx,1720.819908,7.451137097,41.33,0,2042,44740,1.972000692,0.693147181,4.779729862,10,1.5,84395.86,1849104.2,91359080,88227.31096,0.666666222,7.622174595,10.70864559,1
423,"Allerton Av (2,5)",Bronx,2771.940977,7.927663761,42.0,2,2505,49171,1.627446841,1.098612289,6.090524922,16,1.5,105210.0,2065182.0,123173355,80023.18862,0.666666222,7.826443135,10.80307963,1
424,"Pelham Pkwy (2,5)",Bronx,5333.610728,8.581971195,42.67,0,3658,45316,1.552487721,1.945910149,6.709299502,17,1.5,156086.86,1933633.72,165765928,70352.53356,0.666666222,8.204945165,10.72143752,1
425,"Bronx Park East (2,5)",Bronx,1506.366534,7.31811939,42.67,0,3679,32130,1.908385811,1.386294361,5.610551894,15,1.5,156982.93,1370987.1,118206270,61316.43611,0.666666222,8.210668031,10.37757658,1
426,"E 180 St (2,5)",Bronx,5687.194364,8.646148142,79.33,0,3281,36378,2.129864101,1.386294361,5.894997825,15,1.0,260281.73,2885866.74,119356218,77480.19627,0.999999,8.096208272,10.50174696,1
427,"West Farms Sq-E Tremont Av (2,5)",Bronx,3228.187954,8.079985977,65.0,0,4054,44311,1.995208127,0.693147181,6.108868215,18,1.0,263510.0,2880215.0,179636794,88409.66732,0.999999,8.307705967,10.6990108,1
428,"174 St (2,5)",Bronx,3595.812651,8.187803358,65.0,0,4197,40325,1.859549481,0.0,6.631657991,15,1.0,272805.0,2621125.0,169244025,74986.33282,0.999999,8.3423635,10.6047517,1
429,"Freeman St (2,5)",Bronx,2699.229136,7.901091914,65.0,0,4851,53200,1.999037251,0.693147181,9.273418759,14,1.0,315315.0,3458000.0,258073200,106348.7818,0.999999,8.48714627,10.88183247,1
430,"Simpson St (2,5)",Bronx,4497.658261,8.411534467,65.33,0,3440,56197,2.173529145,1.791759469,8.235732351,12,1.0,224735.2,3671350.01,193317680,122145.8174,0.999999,8.143517406,10.93663645,1
431,"Intervale Av (2,5)",Bronx,1852.235426,7.524688269,65.67,0,3703,63676,2.02871156,2.302585093,11.70800639,15,1.0,243176.01,4181602.92,235792228,129180.2373,0.999999,8.217168596,11.06157871,1
432,"Prospect Av (2,5)",Bronx,4109.270138,8.321244032,66.0,0,4502,70680,1.961356802,2.302585093,11.80694195,14,1.0,297132.0,4664880.0,318201360,138628.6988,0.999999,8.41249912,11.16593207,1
433,"Jackson Av (2,5)",Bronx,3122.304124,8.046646735,66.0,0,4713,63903,2.152677627,2.564949357,11.37492245,15,1.0,311058.0,4217598.0,301174839,137562.5584,0.999999,8.458292083,11.06513724,1
434,"3 Av-149 St (2,5)",Bronx,11628.18874,9.361273487,77.67,0,7560,59157,2.062324309,2.302585093,11.22603681,17,1.0,587185.2,4594724.19,447226920,122000.9191,0.999999,8.930758736,10.98796711,1
603,"149 St-Grand Concourse (2,4,5)",Bronx,6980.165518,8.850971161,45.33,2,7219,38352,2.187884226,2.564949357,10.18384698,21,1.0,327237.27,1738496.16,276863088,83909.73584,0.999999,8.884610232,10.55458803,1
438,"135 St (2,3)",Manhattan,7199.292392,8.881876914,74.67,0,4191,79883,1.938046008,3.761200116,8.594882385,24,1.0,312941.97,5964863.61,334789653,154816.9293,0.999999,8.340933226,11.28833086,1
441,"110 St-Malcolm X Plaza (2,3)",Manhattan,4913.069182,8.499857632,75.0,0,5349,79166,1.467345043,3.555348061,10.76916284,24,1.0,401175.0,5937450.0,423458934,116163.8377,0.999999,8.58485184,11.27931482,1
334,"Clark St (2,3)",Brooklyn,4925.591618,8.502402673,75.33,0,13900,40013,2.029496202,3.784189634,11.77133933,15,1.0,1047087.0,3014179.29,556180700,81206.23153,0.999999,9.539716059,10.59698467,1
620,"Borough Hall/Court St (2,3,4,5,R)",Brooklyn,22325.47859,10.01352863,37.0,0,15740,57365,2.034762207,3.784189634,11.74217086,16,1.5,582380.0,2122505.0,902925100,116724.134,0.666666222,9.664024052,10.95720707,1
336,"Hoyt St (2,3)",Brooklyn,5683.629052,8.645521154,74.0,0,14851,56519,2.023403793,3.850147602,11.90101022,16,1.0,1098974.0,4182406.0,839363669,114360.759,0.999999,9.605889815,10.94234984,1
339,"Bergen St (2,3)",Brooklyn,3323.814647,8.109169206,78.67,0,4499,54400,1.893451176,4.262679877,7.192464616,18,1.0,353936.33,4279648.0,244745600,103003.744,0.999999,8.411832676,10.90413782,1
340,"Grand Army Plaza (2,3)",Brooklyn,5363.439042,8.587547091,78.33,0,3917,54006,1.909906153,3.258096538,6.541431968,15,1.0,306818.61,4230289.98,211541502,103146.3917,0.999999,8.273336599,10.89686895,1
341,"Eastern Pkwy-Brooklyn Museum (2,3)",Brooklyn,3380.917755,8.126198211,78.33,0,1879,48734,1.848232126,2.890371758,4.959475465,15,1.0,147182.07,3817334.22,91571186,90071.74443,0.999999,7.539027056,10.79415274,1
626,"Franklin Av-Medgar Evers College/Botanic Garden (2,3,4,5,S)",Brooklyn,10738.78078,9.281709956,36.0,4,1726,59270,1.922099661,3.044522438,4.638729934,13,1.0,62136.0,2133720.0,102300020,113922.8469,0.999999,7.454141078,10.98987543,1
353,"President St-Medgar Evers College (2,5)",Brooklyn,2549.272799,7.843955612,56.0,0,2231,66047,1.717222038,2.772588722,7.464368397,15,1.0,124936.0,3698632.0,147350857,113417.3639,0.999999,7.710653324,11.09813703,1
354,"Sterling St (2,5)",Brooklyn,4067.635704,8.311063014,56.0,0,2893,60810,1.693133113,2.772588722,8.467759498,12,1.0,162008.0,3405360.0,175923330,102959.4246,0.999999,7.970394907,11.01552597,1
355,"Winthrop St (2,5)",Brooklyn,5575.986393,8.626403837,57.0,0,12241,61284,1.783462724,2.397895273,7.345964424,11,1.0,697737.0,3493188.0,750177444,109297.7296,0.999999,9.412627941,11.02329039,1
356,"Church Av (2,5)",Brooklyn,6251.356797,8.740713759,57.0,0,5450,55833,2.080210391,2.079441542,6.243706393,14,1.0,310650.0,3182481.0,304289850,116144.3868,0.999999,8.603554357,10.93013828,1
357,"Beverly Rd (2,5)",Brooklyn,3159.675798,8.058541144,56.33,0,2566,52771,1.908368555,1.791759469,5.445701189,15,1.0,144542.78,2972590.43,135410386,100706.517,0.999999,7.850493181,10.87373603,1
358,"Newkirk Av-Little Haiti (2,5)",Brooklyn,4822.976234,8.481353812,56.33,0,2142,60176,1.482675414,1.609437912,4.348959075,16,1.0,120658.86,3389714.08,128896992,89221.47571,0.999999,7.669961995,11.0050455,1
359,"Flatbush Av-Brooklyn College (2,5)",Brooklyn,13072.46825,9.478340131,56.0,0,4608,49259,1.49641511,1.609437912,5.034624628,17,1.5,258048.0,2758504.0,226985472,73711.9119,0.666666222,8.435766193,10.80486767,1
343,Nostrand Av (3),Brooklyn,2555.378628,7.846346938,39.0,0,2227,65964,1.756344334,2.63905733,6.649039831,14,1.0,86853.0,2572596.0,146901828,115855.4976,0.999999,7.708859601,11.09687958,1
344,Kingston Av (3),Brooklyn,3181.817489,8.065522086,39.0,0,2996,66428,1.698246359,2.397895273,9.424574122,16,1.5,116844.0,2590692.0,199018288,112811.1091,0.666666222,8.005367067,11.10388899,1
345,"Crown Hts-Utica Av (3,4)",Brooklyn,16975.37996,9.739578243,83.0,0,4257,67710,1.783960074,1.386294361,7.567323424,15,1.0,353331.0,5619930.0,288241470,120791.9366,0.999999,8.356554845,11.12300393,1
346,Sutter Av-Rutland Rd (3),Brooklyn,4210.435414,8.345558822,40.33,0,4304,56439,1.697919217,1.386294361,6.261262885,13,1.5,173580.32,2276184.87,242913456,95828.86269,0.666666222,8.367532417,10.94093341,1
347,Saratoga Av (3),Brooklyn,3154.713836,8.056970005,40.0,0,2843,49275,1.856215003,0.693147181,6.394887938,13,1.5,113720.0,1971000.0,140088825,91464.99427,0.666666222,7.952966791,10.80519243,1
348,Rockaway Av (3),Brooklyn,2940.906023,7.986812957,40.33,0,2156,40888,2.001428084,1.609437912,6.981503623,11,1.5,86951.48,1649013.04,88154528,81834.3915,0.666666222,7.676473646,10.61861636,1
349,Junius St (3),Brooklyn,1625.164006,7.39397915,39.67,0,1040,41332,1.95452427,1.386294361,5.477471771,12,1.5,41256.8,1639640.44,42985280,80784.39713,0.666666222,6.947937069,10.62941649,1
350,Pennsylvania Av (3),Brooklyn,2721.089381,7.909155019,39.67,0,1933,41920,1.946761073,1.098612289,4.424340246,16,1.5,76682.11,1662966.4,81031360,81608.22418,0.666666222,7.567345676,10.64354217,1
351,Van Siclen Av (3),Brooklyn,1624.314344,7.393456519,39.67,0,1207,46375,1.635252754,1.386294361,4.325298296,10,1.5,47881.69,1839696.25,55974625,75834.84647,0.666666222,7.096721378,10.74453736,1
352,New Lots Av (3),Brooklyn,3646.56888,8.201816164,40.0,0,3036,44713,1.445706176,1.609437912,4.285535917,10,1.5,121440.0,1788520.0,135748668,64641.86025,0.666666222,8.018625465,10.70804193,1
436,Harlem-148 St (3),Manhattan,2240.882862,7.715071355,34.0,0,473,68199,2.174889835,2.708050201,5.596851115,12,2.0,16082.0,2318766.0,32258127,148325.3119,0.49999975,6.161207322,11.13019984,1
437,145 St (3),Manhattan,2004.105769,7.603452091,34.33,0,2718,64267,2.055813137,3.091042453,7.27196039,25,1.5,93308.94,2206286.11,174677706,132120.9429,0.666666222,7.908019445,11.07081712,1
378,Woodlawn (4),Bronx,4368.079584,8.382307644,41.33,0,5064,19828,0.693600634,1.098612289,11.49820067,11,1.5,209295.12,819491.24,100408992,13752.71337,0.666666222,8.530109417,9.894900792,1
379,Mosholu Pkwy (4),Bronx,5111.977746,8.539537243,41.33,0,5991,45715,2.092947217,2.397895273,8.496939538,16,1.5,247608.03,1889400.95,273878565,95679.08203,0.666666222,8.698180525,10.73020363,1
380,Bedford Park Blvd-Lehman College (4),Bronx,3683.697992,8.211943845,41.67,0,1662,63587,1.774461782,2.397895273,6.919429728,19,1.25,69255.54,2649670.29,105681594,112832.7013,0.79999936,7.416378479,11.06018005,1
381,Kingsbridge Rd (4),Bronx,5749.886551,8.657109305,42.33,0,4145,95491,1.963344809,2.302585093,7.420152198,20,1.5,175457.85,4042134.03,395810195,187481.7592,0.666666222,8.329899293,11.46679775,1
382,Fordham Rd (4),Bronx,6240.195573,8.738927041,42.67,0,4613,100796,1.990690094,2.079441542,9.813687337,22,1.5,196836.71,4300965.32,464971948,200653.5987,0.666666222,8.436850439,11.52086387,1
383,183 St (4),Bronx,3475.493832,8.153779545,43.0,0,3049,103609,1.981342092,1.791759469,8.209237299,19,1.5,131107.0,4455187.0,315903841,205284.8728,0.666666222,8.02289687,11.54838913,1
384,Burnside Av (4),Bronx,6012.663945,8.701789483,43.0,0,3053,101830,1.99861164,2.079441542,7.474191055,15,1.5,131279.0,4378690.0,310886990,203518.6233,0.666666222,8.024207486,11.53106986,1
385,176 St (4),Bronx,3295.020864,8.100471221,43.67,0,2635,97357,2.084467121,1.609437912,7.882520888,16,1.5,115070.45,4251580.19,256535695,202937.4655,0.666666222,7.877017896,11.48615019,1
386,Mt Eden Av (4),Bronx,3081.630201,8.033538473,43.0,0,2755,97118,2.10712115,0.693147181,8.538709969,16,1.5,118465.0,4176074.0,267560090,204639.3918,0.666666222,7.921535632,11.48369231,1
387,170 St (4),Bronx,4496.430576,8.41126153,43.0,0,2711,100649,2.065993428,1.609437912,8.182542308,17,1.5,116573.0,4327907.0,272859439,207940.1725,0.666666222,7.905441649,11.51940443,1
388,167 St (4),Bronx,5606.061139,8.631782,43.33,0,3964,101475,2.047639134,2.079441542,8.810103421,16,1.5,171760.12,4396911.75,402246900,207784.1811,0.666666222,8.285261134,11.5275776,1
604,"161 St-Yankee Stadium (4,B,D)",Bronx,17504.653,9.770279136,42.67,2,5188,58474,2.172833531,1.791759469,8.287133731,19,1.5,221371.96,2495085.58,303363112,127054.2679,0.666666222,8.554296279,10.97635459,1
391,"138 St-Grand Concourse (4,5)",Bronx,2618.438921,7.870715422,70.67,0,5552,41931,2.030236576,2.708050201,10.69524779,18,1.0,392359.84,2963263.77,232800912,85129.84987,0.999999,8.622093601,10.64380454,1
442,Eastchester-Dyre Av (5),Bronx,2699.211962,7.901085553,32.33,0,5043,14841,2.21205105,1.098612289,2.799835862,10,1.5,163040.19,479809.53,74843163,32829.04963,0.666666222,8.525954697,9.605216279,1
443,Baychester Av (5),Bronx,1888.283986,7.543953193,32.67,0,3849,35707,1.848498411,1.098612289,8.741382641,14,2.0,125746.83,1166547.69,137436243,66004.33276,0.49999975,8.255828427,10.48313003,1
444,Gun Hill Rd (5),Bronx,3085.45156,8.034777348,32.67,0,4845,32456,1.37758833,0.693147181,3.851735496,13,2.0,158286.15,1060337.52,157249320,44711.00684,0.49999975,8.485908901,10.38767142,1
445,Pelham Pkwy (5),Bronx,2093.033503,7.646847391,33.0,0,12289,31238,1.314923302,1.098612289,10.39275797,14,1.5,405537.0,1030854.0,383883782,41075.57411,0.666666222,9.416541203,10.34942259,1
446,Morris Park (5),Bronx,1864.098331,7.531069055,33.67,0,4042,45743,1.758197724,1.609437912,7.686872029,12,1.75,136094.14,1540166.81,184893206,80425.23849,0.571428245,8.30474227,10.73081591,1
360,Pelham Bay Park (6),Bronx,4094.668118,8.317685138,41.67,0,1015,15585,1.365046746,0.0,2.824704119,9,1.5,42295.05,649426.95,15818775,21274.25354,0.666666222,6.923628628,9.654128354,1
361,Buhre Av (6),Bronx,2642.566219,7.879884125,41.67,0,1594,24193,1.844091504,0.693147181,2.598274261,13,1.5,66421.98,1008122.31,38563642,44614.10576,0.666666222,7.374629015,10.09385995,1
362,Middletown Rd (6),Bronx,1505.461841,7.317519029,42.0,0,8870,20764,1.888730477,1.098612289,4.208053992,13,1.5,372540.0,872088.0,184176680,39217.59962,0.666666222,9.090542809,9.941024156,1
363,Westchester Sq-E Tremont Av (6),Bronx,2566.653362,7.850747672,41.33,0,7446,21318,2.12455464,1.791759469,10.40648903,14,1.5,307743.18,881072.94,158733828,45291.25582,0.666666222,8.915566546,9.967353973,1
364,Zerega Av (6),Bronx,1713.303761,7.446762307,41.67,0,5817,33465,2.138512494,1.791759469,7.155548887,16,1.5,242394.39,1394486.55,194665905,71565.32061,0.666666222,8.668711839,10.41828528,1
365,Castle Hill Av (6),Bronx,3721.175194,8.222063506,41.67,0,6144,51908,1.857744187,1.386294361,5.870126248,16,2.0,256020.48,2163006.36,318922752,96431.78526,0.49999975,8.723394022,10.85724746,1
366,Parkchester (6),Bronx,10015.43487,9.21198251,54.33,0,3903,69858,1.825840327,1.386294361,5.335069224,15,1.0,212049.99,3795385.14,272655774,127549.5536,0.999999,8.269756948,11.1542342,1
367,St Lawrence Av (6),Bronx,2473.508406,7.813797031,45.33,0,3112,61454,1.830306643,0.693147181,6.310989316,16,1.0,141066.96,2785709.82,191244848,112479.6644,0.999999,8.04334217,11.02606048,1
368,Morrison Av-Soundview (6),Bronx,3705.94261,8.217962722,45.0,0,1941,63057,1.775332959,1.098612289,6.471805566,15,1.5,87345.0,2837565.0,122393637,111947.1704,0.666666222,7.571473649,11.05181022,1
369,Elder Av (6),Bronx,3694.769533,8.214944075,45.33,0,2232,53711,2.106796245,0.693147181,5.922213391,16,1.5,101176.56,2434719.63,119882952,113158.1331,0.666666222,7.711101252,10.89139172,1
370,Whitlock Av (6),Bronx,1227.233007,7.113331836,45.67,0,398,51823,2.271875227,1.098612289,10.17052595,3,1.5,18176.66,2366756.41,20625554,117735.3899,0.666666222,5.988961417,10.85560864,1
371,Hunts Point Av (6),Bronx,6638.904209,8.800852816,54.33,0,4455,47238,2.334338821,2.079441542,9.73652603,10,1.0,242040.15,2566440.54,210445290,110269.4972,0.999999,8.402006782,10.7629751,1
372,Longwood Av (6),Bronx,2259.832305,7.723488301,45.33,0,6525,47934,2.186467943,2.302585093,10.62359572,13,1.0,295778.25,2172848.22,312769350,104806.1544,0.999999,8.783549477,10.77760121,1
373,E 149 St (6),Bronx,3062.890239,8.027440708,46.0,0,3213,41141,2.113467364,1.791759469,9.575564299,15,1.0,147798.0,1892486.0,132186033,86950.16082,0.999999,8.075271546,10.62478478,1
374,E 143 St-St Mary's St (6),Bronx,930.4300919,6.836721138,46.0,0,2818,35426,2.154512099,0.0,8.231800779,12,1.0,129628.0,1629596.0,99830468,76325.74562,0.999999,7.944137491,10.47522952,1
375,Cypress Av (6),Bronx,1833.398283,7.514471795,46.33,0,3383,31695,1.857940905,0.693147181,9.57029046,11,1.0,156734.39,1468429.35,107224185,58887.43698,0.999999,8.126813721,10.36394577,1
376,Brook Av (6),Bronx,3443.199262,8.144446722,46.67,0,4529,51032,2.113769537,2.197224577,10.66618315,12,1.0,211368.43,2381663.44,231123928,107869.887,0.999999,8.418477218,10.84022776,1
377,3 Av-138 St (6),Bronx,5542.413582,8.62036576,57.67,0,5780,43350,2.098356303,2.079441542,11.46193057,15,1.0,333332.6,2499994.5,250563000,90963.74574,0.999999,8.662331957,10.67708505,1
393,116 St (6),Manhattan,8893.89544,9.093232845,58.0,0,7251,83905,1.787865763,3.401197382,9.199911248,26,1.0,420558.0,4866490.0,608395155,150010.8768,0.999999,8.889032572,11.3374524,1
394,110 St (6),Manhattan,6732.242501,8.814812105,58.0,0,8691,89556,1.61907725,3.36729583,10.91379082,28,1.0,504078.0,5194248.0,778331196,144998.0822,0.999999,9.070158341,11.40263057,1
395,103 St (6),Manhattan,8480.911889,9.045691162,58.33,0,10415,85095,1.717983775,3.33220451,14.48299185,25,1.0,607506.95,4963591.35,886264425,146191.8293,0.999999,9.251098364,11.35153531,1
448,Mets-Willets Point (7),Queens,4962.468795,8.509860129,86.33,0,2034,4391,1.361423293,0.0,8.601567227,7,0.5,175595.22,379075.03,8931294,5978.00968,1.999996,7.618251098,8.387539983,1
449,111 St (7),Queens,6383.826258,8.761679557,76.0,0,3674,47925,1.964438464,1.609437912,10.33774125,14,1.0,279224.0,3642300.0,176076450,94145.71339,0.999999,8.209308412,10.77741343,1
450,103 St-Corona Plaza (7),Queens,19936.47756,9.900356534,76.67,0,3803,80519,1.566248257,1.386294361,10.3643008,13,1.0,291576.01,6173391.73,306213757,126112.7434,0.999999,8.243808424,11.29626088,1
451,Junction Blvd (7),Queens,19820.26203,9.894510481,88.33,0,4267,91108,1.73139728,1.098612289,9.467157837,15,0.5,376904.11,8047569.64,388757836,157744.1434,1.999996,8.358900612,11.41981187,1
452,90 St-Elmhurst Av (7),Queens,14200.0257,9.561069473,76.0,0,4886,100547,1.764459101,1.609437912,8.374673049,16,1.0,371336.0,7641572.0,491272642,177411.0692,0.999999,8.494333897,11.5183905,1
453,82 St-Jackson Hts (7),Queens,7726.683478,8.952564417,77.33,0,4454,98586,1.731713194,2.302585093,7.61361507,14,1.0,344427.82,7623655.38,439102044,170722.6769,0.999999,8.40178234,11.49869469,1
455,69 St (7),Queens,4392.923863,8.387977925,44.67,0,3435,57620,1.957986085,2.564949357,8.467895761,11,1.5,153441.45,2573885.4,197924700,112819.1582,0.666666222,8.142063283,10.96164236,1
456,61 St-Woodside (7),Queens,12963.56271,9.469974969,89.0,0,6438,49570,2.117601421,2.302585093,7.128246701,15,0.5,572982.0,4411730.0,319131660,104969.5024,1.999996,8.770128528,10.81116126,1
457,52 St (7),Queens,4700.237179,8.455580983,44.67,0,4506,49269,2.073600445,1.945910149,6.042619081,13,1.5,201283.02,2200846.23,222006114,102164.2203,0.666666222,8.413387023,10.80507066,1
458,46 St-Bliss St (7),Queens,9244.58545,9.131901468,88.67,0,6095,57170,2.048142069,1.945910149,6.132673007,13,0.75,540443.65,5069263.9,348451150,117092.2821,1.333331556,8.715388097,10.95380206,1
459,40 St-Lowery St (7),Queens,7224.420295,8.885360684,88.67,0,7568,43126,2.011501716,2.079441542,5.795654925,10,1.0,671054.56,3823982.42,326377568,86748.023,0.999999,8.931816237,10.67190453,1
460,33 St-Rawson St (7),Queens,6482.170174,8.776964894,89.33,0,11655,16544,1.915808495,2.397895273,5.567703496,12,0.5,1041141.15,1477875.52,192820320,31695.13574,1.999996,9.363576348,9.71383922,1
461,"Queensboro Plaza (7,N,W)",Queens,10573.88238,9.266236881,45.33,0,8195,20573,2.061518674,2.63905733,6.099122266,14,1.5,371479.35,932574.09,168595735,42411.62368,0.666666222,9.011401509,9.931783422,1
606,"Court Sq-23 St (7,E,F,G)",Queens,18883.9059,9.846118252,36.33,2,9474,17082,2.038952927,2.772588722,4.116956628,14,1.5,344190.42,620589.06,161834868,34829.3939,0.666666222,9.15641203,9.745839096,1
463,Hunters Point Av (7),Queens,4007.243166,8.296108311,89.0,0,9224,14940,1.955123616,2.48490665,4.094512279,15,0.5,820936.0,1329660.0,137806560,29209.54682,1.999996,9.129672469,9.611864391,1
464,Vernon Blvd-Jackson Av (7),Queens,12553.25568,9.437814985,88.67,0,6454,23014,2.145814929,2.197224577,3.833659141,15,0.5,572276.18,2040651.38,148532356,49383.78478,1.999996,8.772610303,10.04390146,1
143,Inwood-207 St (A),Manhattan,5839.652092,8.672597729,40.33,0,1349,53367,1.842021225,2.944438979,10.53539263,8,1.5,54405.17,2152291.11,71992083,98303.14671,0.666666222,7.207859871,10.88496659,1
144,Dyckman St (A),Manhattan,4287.628991,8.363722378,41.67,0,1543,64894,1.612953253,2.708050201,10.54936025,10,1.0,64296.81,2704132.98,100131442,104670.9884,0.999999,7.342131731,11.08052586,1
145,190 St (A),Manhattan,3165.123307,8.060263187,42.67,0,1943,67301,1.811200428,2.995732274,9.802545156,15,1.0,82907.81,2871733.67,130765843,121895.6,0.999999,7.572502985,11.11694523,1
146,181 St (A),Manhattan,6179.13395,8.729095225,42.67,0,9361,88610,2.012903455,3.663561646,11.38211187,13,1.5,399433.87,3780988.7,829478210,178363.3751,0.666666222,9.144414222,11.39201128,1
147,175 St (A),Manhattan,7329.712325,8.89982797,42.0,0,10984,85018,1.921867591,3.526360525,13.10753983,14,1.5,461328.0,3570756.0,933837712,163393.3389,0.666666222,9.304285985,11.35063004,1
149,163 St-Amsterdam Av (C),Manhattan,2679.987179,7.893940356,30.33,0,1934,77471,1.816616926,3.401197382,12.01120183,17,2.0,58658.22,2349695.43,149828914,140735.1299,0.49999975,7.567862605,11.25767186,1
150,155 St (C),Manhattan,1697.622762,7.437573062,30.67,0,2009,90303,1.932899496,3.663561646,8.706985508,17,1.5,61616.03,2769593.01,181418727,174546.6232,0.666666222,7.605890001,11.41093704,1
151,"145 St (A,C,B,D)",Manhattan,15651.16824,9.658364732,49.67,0,2194,100202,1.920020087,3.583518938,6.741979898,15,1.0,108975.98,4977033.34,219843188,192389.8528,0.999999,7.693937326,11.51495341,1
152,"135 St (C,B)",Manhattan,3785.780056,8.239271347,45.67,0,3452,93915,1.979796837,3.871201011,7.786988853,18,1.0,157652.84,4289098.05,324194580,185932.6199,0.999999,8.146998697,11.45015604,1
154,"116 St (C,B)",Manhattan,4606.427129,8.435424874,45.33,0,8516,84262,1.832761556,3.931825633,13.78894783,21,1.5,386030.28,3819596.46,717575192,154432.1542,0.666666222,9.049819445,11.34169814,1
155,"Cathedral Pkwy (110 St) (C,B)",Manhattan,5360.755987,8.58704681,46.0,0,6707,84263,1.432772433,3.526360525,13.89777872,19,1.0,308522.0,3876098.0,565151941,120729.7035,0.999999,8.811056123,11.34171001,1
156,"103 St (C,B)",Manhattan,3277.341014,8.095092785,46.33,0,4416,67561,1.124597907,3.295836866,9.846439964,21,1.0,204593.28,3130101.13,298349376,75978.95919,0.999999,8.393216012,11.12080097,1
157,"96 St (C,B)",Manhattan,7289.854741,8.894376067,45.67,0,5257,65211,1.055982777,3.663561646,9.106271279,39,1.5,240087.19,2978186.37,342814227,68861.69287,0.666666222,8.567506005,11.08539878,1
158,"86 St (C,B)",Manhattan,8421.418723,9.038652325,45.33,0,5554,63671,1.628810765,3.610917913,8.877443507,37,1.0,251762.82,2886206.43,353628734,103708.0102,0.999999,8.622453702,11.06150018,1
159,"81 St-Museum of Natural History (C,B)",Manhattan,10126.18777,9.222978945,45.33,0,6718,57352,1.705200468,3.737669618,10.79202359,38,1.5,304526.94,2599766.16,385290736,97796.65724,0.666666222,8.812694613,10.95698043,1
160,"72 St (C,B)",Manhattan,7349.744799,8.90255692,45.0,0,9868,57090,1.10984079,4.127134385,15.20743036,49,1.0,444060.0,2569050.0,563364120,63360.8107,0.999999,9.19715381,10.95240177,1
173,"High St (A,C)",Brooklyn,6920.523403,8.842391169,73.67,0,13221,39377,2.064518912,4.007333185,11.96470585,15,1.0,973991.07,2900903.59,520603317,81294.5612,0.999999,9.489637388,10.58096256,1
636,"Jay St-MetroTech (A,C,F,R)",Brooklyn,27337.58841,10.21605448,38.0,3,15417,58245,2.026646565,3.828641396,11.95906003,16,1.5,585846.0,2213310.0,897963165,118042.0292,0.666666222,9.643290937,10.9724307,1
176,Lafayette Av (C),Brooklyn,3960.780479,8.284448819,30.67,0,6633,49643,1.924250365,4.262679877,8.779507766,17,1.5,203434.11,1522550.81,329282019,95525.56087,0.666666222,8.79996322,10.81263282,1
177,Clinton-Washington Avs (C),Brooklyn,5434.62367,8.600729544,30.33,0,3313,51501,1.963856918,4.094344562,7.743784257,18,1.5,100483.29,1562025.33,170622813,101140.5951,0.666666222,8.105911198,10.84937592,1
627,"Franklin Av (C,S)",Brooklyn,3908.192368,8.271086076,36.0,3,2331,55409,1.841583443,2.833213344,6.671150522,14,6.5,83916.0,1994724.0,129158379,102040.297,0.15384613,7.754481547,10.92251536,1
179,"Nostrand Av (A,C)",Brooklyn,12318.265,9.418919576,72.33,0,2751,59428,1.756511572,3.218875825,5.441073505,14,1.0,198979.83,4298427.24,163486428,104385.9697,0.999999,7.920083199,10.9925376,1
180,Kingston-Throop Avs (C),Brooklyn,4734.070513,8.462751897,30.67,0,3311,59885,1.941202646,2.833213344,4.501687674,15,2.0,101548.37,1836672.95,198279235,116248.9205,0.49999975,8.105307516,11.00019803,1
181,"Utica Av (A,C)",Brooklyn,9306.330672,9.138557613,72.33,0,3127,55740,1.722076557,2.564949357,3.80580241,16,1.0,226175.91,4031674.2,174298980,95988.54729,0.999999,8.048149102,10.92847124,1
182,Ralph Av (C),Brooklyn,3429.85075,8.140563541,30.67,0,2111,58122,1.729268315,2.48490665,3.66957985,18,2.0,64744.37,1782601.74,122695542,100508.533,0.49999975,7.655390645,10.97031673,1
183,Rockaway Av (C),Brooklyn,3677.054366,8.210139187,30.0,0,1588,53159,1.706440416,1.386294361,4.907176993,16,2.0,47640.0,1594770.0,84416492,90712.66607,0.49999975,7.370860167,10.88106151,1
621,"Broadway Junction (A,C,J,Z,L)",Brooklyn,5483.081096,8.609604828,61.0,4,1541,30541,2.087523946,0.693147181,3.879952902,11,1.0,94001.0,1863001.0,47063681,63755.06883,0.999999,7.340835554,10.32685806,1
185,Liberty Av (C),Brooklyn,1682.952165,7.428898789,30.33,0,1448,30282,2.21688217,1.791759469,3.377737158,10,2.0,43917.84,918453.06,43848336,67131.62587,0.49999975,7.278628942,10.31834178,1
186,Van Siclen Av (C),Brooklyn,1788.456338,7.489667131,30.33,0,1151,41639,1.906255828,1.791759469,3.435933287,13,2.0,34909.83,1262910.87,47926489,79374.58642,0.49999975,7.049254841,10.63681652,1
187,Shepherd Av (C),Brooklyn,1829.998065,7.512616488,29.67,0,1920,47364,1.703647598,1.098612289,4.478630815,12,1.5,56966.4,1405289.88,90938880,80691.56483,0.666666222,7.560601163,10.76563884,1
188,"Euclid Av (A,C)",Brooklyn,7029.331035,8.857989073,72.33,0,1719,53584,1.792982036,1.098612289,5.040740693,9,1.0,124335.27,3875730.72,92110896,96075.14942,0.999999,7.45007957,10.88902446,1
189,Grant Av (A),Brooklyn,3866.183358,8.260281706,43.33,0,1465,48828,1.567604977,0.693147181,4.804719101,10,1.0,63478.45,2115717.24,71533020,76543.01582,0.999999,7.290292882,10.79607968,1
190,80 St (A),Queens,3027.787615,8.015917691,43.67,0,1242,39757,1.48990351,0.693147181,4.519511496,15,1.5,54238.14,1736188.19,49378194,59234.09385,0.666666222,7.125283092,10.59056636,1
191,88 St (A),Queens,1987.171807,7.594970805,44.0,0,2254,33016,1.274282239,0.0,4.69076068,15,1.5,99176.0,1452704.0,74418064,42071.7024,0.666666222,7.720905252,10.40477786,1
192,Rockaway Blvd (A),Queens,5091.325169,8.535489817,44.33,0,3177,31463,1.495720384,0.0,4.956941565,14,1.0,140836.41,1394754.79,99957951,47059.85044,0.999999,8.064007347,10.35659931,1
193,104 St (A),Queens,1269.104802,7.146854697,21.33,0,3573,31640,1.345960758,0.0,4.853059973,17,2.75,76212.09,674881.2,113049720,42586.19838,0.363636231,8.181440696,10.36220903,1
194,111 St (A),Queens,1633.012941,7.398794195,21.33,0,4031,41314,1.119616448,0.0,4.613650001,15,2.25,85981.23,881227.62,166536734,46255.83393,0.444444247,8.30201781,10.62898091,1
195,Ozone Park-Lefferts Blvd (A),Queens,4610.596093,8.4363293,21.33,0,4579,45822,0.77054551,0.693147181,3.52305144,12,2.5,97670.07,977383.26,209818938,35307.93636,0.39999984,8.429454277,10.73254143,1
221,21 St-Queensbridge (M),Queens,5337.413703,8.582683829,33.67,2,7914,20403,2.131360712,2.302585093,7.12693738,14,2.0,266464.38,686969.01,161469342,43486.15261,0.49999975,8.976514972,9.923486239,1
222,Roosevelt Island (M),Manhattan,5416.318699,8.597356267,33.33,2,3200,36798,1.877783375,2.833213344,1.87032419,3,1.5,106656.0,1226477.34,117753600,69098.67263,0.666666222,8.07121854,10.51322595,1
59,9 Av (D),Brooklyn,3987.379415,8.291140266,35.0,0,4446,39053,1.388755239,1.609437912,18.67354631,11,2.5,155610.0,1366855.0,173629638,54235.05835,0.39999984,8.399984991,10.57270058,1
60,Fort Hamilton Pkwy (D),Brooklyn,2930.160256,7.983153616,34.67,0,7251,61867,1.948239489,1.386294361,23.71414666,11,2.0,251392.17,2144928.89,448597617,120531.7325,0.49999975,8.889032572,11.03275836,1
61,50 St (D),Brooklyn,2538.286768,7.839638521,34.33,0,8313,67013,1.611262735,0.693147181,27.83321516,7,1.5,285385.29,2300556.29,557079069,107975.5497,0.666666222,9.02569612,11.11265683,1
62,55 St (D),Brooklyn,1395.530842,7.24174647,35.0,0,8798,56269,1.896922809,1.098612289,27.93215412,8,2.0,307930.0,1969415.0,495054662,106737.9495,0.49999975,9.082393358,10.93791681,1
615,"62 St/New Utrecht Av (D,N)",Brooklyn,3751.465409,8.230168345,34.67,1,7416,50843,1.785037348,0.693147181,18.55709846,8,1.5,257112.72,1762726.81,377051688,90756.65388,0.666666222,8.911529942,10.8365174,1
64,71 St (D),Brooklyn,3459.854439,8.149270785,34.0,0,5431,50157,1.707274748,1.098612289,10.92247486,9,1.75,184654.0,1705338.0,272402667,85631.77954,0.571428245,8.600062669,10.8229333,1
65,79 St (D),Brooklyn,4432.119436,8.396858777,34.0,0,4373,51136,1.330738601,1.609437912,8.141814777,10,1.5,148682.0,1738624.0,223617728,68048.6491,0.666666222,8.383433201,10.84226358,1
66,18 Av (D),Brooklyn,4355.382862,8.379397373,34.33,0,3958,53177,1.441715688,1.791759469,6.505023461,10,2.0,135878.14,1825566.41,210474566,76666.11514,0.49999975,8.283746747,10.88140006,1
67,20 Av (D),Brooklyn,3597.546746,8.188285361,34.33,0,3366,56064,1.607818234,1.791759469,7.093908339,10,1.5,115554.78,1924677.12,188711424,90140.72147,0.666666222,8.121777419,10.93426701,1
68,Bay Pkwy (D),Brooklyn,5435.647073,8.600917803,35.0,0,3817,53422,1.532427268,1.098612289,8.131429364,10,1.5,133595.0,1869770.0,203911774,81865.32951,0.666666222,8.247482004,10.88599664,1
69,25 Av (D),Brooklyn,3088.780721,8.035855403,34.0,0,2295,49740,1.413561873,1.386294361,7.084913877,10,2.0,78030.0,1691160.0,114153300,70310.56756,0.49999975,7.738923757,10.81458482,1
70,Bay 50 St (D),Brooklyn,1906.832668,7.553723148,32.0,0,2222,25276,1.933273135,1.386294361,5.562700796,12,2.0,71104.0,808832.0,56163272,48865.41176,0.49999975,7.706612914,10.13765017,1
210,Norwood-205 St (D),Bronx,4387.130685,8.386658603,34.33,2,6309,60957,1.802075942,2.302585093,8.989815303,18,2.0,216587.97,2092653.81,384577713,109849.1432,0.49999975,8.749890956,11.01794038,1
211,"Bedford Park Blvd (B,D)",Bronx,4265.993529,8.358664767,46.67,2,3078,69508,1.983608156,2.48490665,7.972231898,19,1.5,143650.26,3243938.36,213945624,137876.6357,0.666666222,8.032360148,11.14921152,1
212,"Kingsbridge Rd (B,D)",Bronx,4024.570936,8.300422027,47.67,2,3626,89830,2.037484593,2.302585093,8.803440615,20,1.5,172851.42,4282196.1,325723580,183027.241,0.666666222,8.196161139,11.40568541,1
213,"Fordham Rd (B,D)",Bronx,6138.099238,8.722433306,47.67,2,7132,103907,2.062062022,2.079441542,12.54108597,22,1.5,339982.44,4953246.69,741064724,214262.6785,0.666666222,8.872487182,11.55126117,1
214,"182-183 Sts (B,D)",Bronx,2871.285377,7.962863291,41.67,2,5955,104389,2.115071621,1.098612289,8.282619846,20,1.0,248144.85,4349889.63,621636495,220790.2114,0.999999,8.692154394,11.55588916,1
215,"Tremont Av (B,D)",Bronx,4451.407716,8.401200289,48.0,2,4859,89808,2.249045456,1.609437912,7.239597882,17,1.5,233232.0,4310784.0,436377072,201982.2743,0.666666222,8.488793717,11.40544047,1
216,"174-175 Sts (B,D)",Bronx,2735.793602,7.914542296,42.67,2,3387,88389,2.147413238,1.098612289,7.835840384,16,1.5,144523.29,3771558.63,299373543,189807.7087,0.666666222,8.127995056,11.38951412,1
217,"170 St (B,D)",Bronx,3495.997158,8.159659924,42.33,2,3775,100273,2.081559651,0.693147181,9.704287083,18,1.5,159795.75,4244556.09,378530575,208724.2309,0.666666222,8.236420527,11.51566172,1
218,"167 St (B,D)",Bronx,4899.177492,8.497026706,42.33,2,5066,104531,2.016725218,1.609437912,9.978247446,15,1.5,214443.78,4424797.23,529554046,210810.3038,0.666666222,8.530504205,11.55724852,1
220,"155 St (B,D)",Manhattan,1884.604197,7.542003577,42.67,2,773,75741,2.007013355,3.526360525,5.418238146,16,1.5,32983.91,3231868.47,58547793,152013.1985,0.666666222,6.651571874,11.23508811,1
41,"7 Av (B,Q)",Brooklyn,7446.334664,8.915611484,53.67,0,3790,56989,1.672839702,3.36729583,6.79976076,15,1.0,203409.3,3058599.63,215988310,95333.46178,0.999999,8.240385116,10.95063109,1
42,"Prospect Park (B,Q,S)",Brooklyn,6856.920295,8.833159511,90.0,0,1415,36404,1.256540974,2.772588722,3.632068225,12,1.0,127350.0,3276360.0,51511660,45743.11762,0.999999,7.255591274,10.50246141,1
43,Parkside Av (Q),Brooklyn,4463.658563,8.403948021,39.0,0,1925,60529,1.539043466,2.772588722,4.23614859,15,1.5,75075.0,2360631.0,116518325,93156.76195,0.666666222,7.563200592,11.01089439,1
44,"Church Av (B,Q)",Brooklyn,10076.11865,9.218022653,53.33,0,2569,62597,1.770489444,3.044522438,5.335336172,18,1.0,137004.77,3338298.01,160811693,110827.3277,0.999999,7.851661178,11.04448861,1
45,Beverley Rd (Q),Brooklyn,2752.405479,7.920593781,38.33,0,3811,65951,1.77231946,2.944438979,6.25058071,15,1.5,146075.63,2527901.83,251339261,116886.2407,0.666666222,8.245909265,11.09668248,1
46,Cortelyou Rd (Q),Brooklyn,4235.578374,8.351511235,38.33,0,3027,65223,1.560650865,2.772588722,6.557555689,15,1.5,116024.91,2499997.59,197430021,101790.3314,0.666666222,8.015657615,11.08558278,1
47,"Newkirk Plaza (B,Q)",Brooklyn,7258.503024,8.890066651,53.33,0,2494,56461,1.380552933,2.079441542,6.994012207,14,1.0,133005.02,3011065.13,140813734,77947.39915,0.999999,7.822044008,10.94132312,1
48,Avenue H (Q),Brooklyn,2296.420416,7.739542214,39.0,0,2417,44249,1.501574042,1.791759469,7.610122137,15,1.5,94263.0,1725711.0,106949833,66443.14978,0.666666222,7.790696031,10.69761065,1
49,Avenue J (Q),Brooklyn,3910.300919,8.271625314,39.0,0,6518,41250,1.495423836,1.945910149,9.992572669,13,1.5,254202.0,1608750.0,268867500,61686.23324,0.666666222,8.782476269,10.62743063,1
50,Avenue M (Q),Brooklyn,4057.600931,8.308593595,38.67,0,12033,45621,1.572793303,1.386294361,11.44496328,16,1.5,465316.11,1764164.07,548957493,71752.40328,0.666666222,9.395491256,10.72814534,1
51,"Kings Hwy (B,Q)",Brooklyn,14519.16691,9.583293783,53.0,0,13291,47553,1.541958966,1.098612289,9.676484975,13,1.0,704423.0,2520309.0,632026923,73324.77471,0.999999,9.494917629,10.76962119,1
52,Avenue U (Q),Brooklyn,5073.417271,8.531966974,38.67,0,8825,45963,1.425287836,0.693147181,7.564649829,15,1.5,341262.75,1777389.21,405623475,65510.50481,0.666666222,9.08545719,10.73561376,1
53,Neck Rd (Q),Brooklyn,3245.563558,8.085352349,38.67,0,9707,46150,1.563503433,0.693147181,7.484592877,15,1.5,375369.69,1784620.5,447978050,72155.68343,0.666666222,9.180705567,10.73967391,1
54,"Sheepshead Bay (B,Q)",Brooklyn,9700.038945,9.179988267,53.0,0,15533,38333,1.832079811,1.098612289,8.119086047,8,1.0,823249.0,2031649.0,595426489,70229.1154,0.999999,9.650786449,10.55409251,1
55,"Brighton Beach (B,Q)",Brooklyn,8323.772375,9.026990972,52.33,0,9565,46934,1.879936956,1.945910149,14.44866001,6,1.0,500536.45,2456056.22,448923710,88232.96109,0.999999,9.165970424,10.75651894,1
56,Ocean Pkwy (Q),Brooklyn,2278.678882,7.731789871,38.33,0,6165,38294,1.786199234,1.791759469,15.07288408,10,1.5,236304.45,1467809.02,236082510,68400.71347,0.666666222,8.726805608,10.55307462,1
57,"W 8 St-NY Aquarium (F,Q)",Brooklyn,1853.903302,7.525587845,71.0,0,1678,25392,1.846808428,2.197224577,13.02508595,9,1.0,119138.0,1802832.0,42607776,46894.1596,0.999999,7.425953657,10.14222882,1
58,"Coney Island-Stillwell Av (D,F,N,Q)",Brooklyn,9972.860426,9.207722992,137.0,0,4410,19731,2.148936637,2.197224577,7.974577704,9,0.5,604170.0,2703147.0,87013710,42400.66878,1.999996,8.3918567,9.889996962,1
254,Jamaica-179 St (F),Queens,14015.57668,9.547995957,41.67,4,6309,34462,1.57758438,0.693147181,5.090387747,43,1.5,262896.03,1436031.54,217420758,54366.7129,0.666666222,8.749890956,10.44764156,1
255,169 St (F),Queens,5545.630382,8.620945884,39.67,4,6660,44270,1.877374708,1.791759469,6.618695845,51,1.25,264202.2,1756190.9,294838200,83111.37832,0.79999936,8.804024902,10.69808511,1
256,Parsons Blvd (F),Queens,5091.986091,8.535619596,42.33,4,9484,45780,1.869029407,2.995732274,8.218765853,51,1.5,401457.72,1937867.4,434177520,85564.16625,0.666666222,9.157466882,10.73162444,1
257,Sutphin Blvd (F),Queens,2987.223029,8.002434185,40.67,4,4366,45034,2.057990989,1.386294361,8.442274057,39,1.5,177565.22,1831532.78,196618444,92679.5662,0.666666222,8.381831553,10.71519524,1
258,"Briarwood (E,F)",Queens,3622.088292,8.195082061,60.33,0,4948,38613,1.861889769,1.386294361,4.97612915,35,1.0,298512.84,2329522.29,191057124,71893.14965,0.999999,8.506940815,10.56137018,1
259,"Kew Gardens-Union Tpke (E,F)",Queens,17000.72466,9.741070069,83.33,0,7897,25985,1.877202083,1.386294361,3.835002996,29,0.75,658057.01,2165330.05,205203545,48779.09613,1.333331556,8.974364842,10.16531321,1
260,"75 Av (E,F)",Queens,2400.909712,7.784019413,59.67,0,9087,28816,1.800229028,1.386294361,4.175163681,22,1.0,542221.29,1719450.72,261850992,51875.39967,0.999999,9.114710141,10.26872077,1
234,East Broadway (F),Manhattan,10936.61345,9.299962903,41.0,4,8395,78465,1.854035382,4.219507705,23.11049262,43,1.5,344195.0,3217065.0,658713675,145476.8862,0.666666222,9.035510681,11.27042069,1
235,York St (F),Brooklyn,10216.07807,9.23181592,41.33,4,12067,29765,2.063582088,3.63758616,11.90759886,15,1.5,498729.11,1230187.45,359174255,61422.52085,0.666666222,9.3983126,10.30112208,1
236,"Bergen St (F,G)",Brooklyn,8518.586176,9.050123048,76.0,3,13699,56188,1.899887222,3.610917913,11.3076138,15,1.0,1041124.0,4270288.0,769719412,106750.8632,0.999999,9.525151112,10.93647629,1
237,"Carroll St (F,G)",Brooklyn,8869.807632,9.090521123,76.67,3,5521,41409,2.093869323,3.091042453,12.93525201,22,1.0,423295.07,3174828.03,228619089,86705.0348,0.999999,8.616495392,10.63127768,1
238,"Smith-9 Sts (F,G)",Brooklyn,3113.835752,8.043931702,76.0,3,5294,23746,2.166324368,2.772588722,14.74479061,15,1.0,402344.0,1804696.0,125711324,51441.53844,0.999999,8.574518258,10.07521149,1
608,"4 Av-9 St (F,G,R)",Brooklyn,9184.428943,9.125373697,38.67,2,5682,37505,2.06345817,3.496507561,8.307816349,18,1.5,219722.94,1450318.35,213103410,77389.99867,0.666666222,8.645234541,10.5322562,1
240,"7 Av (F,G)",Brooklyn,8977.216316,9.102556513,77.0,0,5034,49624,1.553368212,3.135494216,8.428498704,9,1.0,387618.0,3821048.0,249807216,77084.34415,0.999999,8.524168805,10.81225002,1
241,"15 St-Prospect Park (F,G)",Brooklyn,4473.498972,8.406149663,77.0,2,3777,35023,1.23407864,2.397895273,8.327152687,8,1.0,290829.0,2696771.0,132281871,43221.13621,0.999999,8.236950048,10.46378882,1
242,"Fort Hamilton Pkwy (F,G)",Brooklyn,4403.413643,8.390362418,75.67,2,2781,32547,1.44714404,2.772588722,5.988586193,11,1.0,210438.27,2462831.49,90513207,47100.19707,0.999999,7.930925372,10.3904712,1
243,"Church Av (F,G)",Brooklyn,6645.110547,8.801787082,76.33,2,7595,47947,1.81637995,1.945910149,11.36453822,14,1.0,579726.35,3659794.51,364157465,87089.96946,0.999999,8.935377072,10.77787237,1
244,Ditmas Av (F),Brooklyn,2993.049831,8.004382208,40.33,2,9044,61137,1.760046377,1.098612289,16.85371139,13,1.5,364744.52,2465655.21,552923028,107603.9554,0.666666222,9.109967398,11.02088888,1
245,18 Av (F),Brooklyn,2542.006713,7.841102405,39.67,2,5971,47788,1.596347094,0.693147181,19.81342465,14,1.0,236869.57,1895749.96,285342148,76286.23493,0.999999,8.694837159,10.77455077,1
246,Avenue I (F),Brooklyn,1316.716195,7.183655362,40.0,2,4023,31723,1.747080798,0.0,18.62122999,9,1.5,160920.0,1268920.0,127621629,55422.64415,0.666666222,8.300031712,10.36482877,1
247,Bay Pkwy (F),Brooklyn,949.877298,6.85738503,39.67,2,2740,31053,1.660066911,0.0,15.25983664,5,1.5,108695.8,1231872.51,85085220,51550.05779,0.666666222,7.916078096,10.3434829,1
248,Avenue N (F),Brooklyn,2090.69261,7.645728878,40.0,4,4110,41525,1.744078013,1.386294361,12.04152445,8,1.5,164400.0,1661000.0,170667750,72422.83949,0.666666222,8.321421587,10.63407502,1
249,Avenue P (F),Brooklyn,1863.310111,7.53064635,40.0,4,4817,49660,1.458648631,1.386294361,10.50379591,11,1.5,192680.0,1986400.0,239212220,72436.49102,0.666666222,8.480114183,10.8129752,1
250,Kings Hwy (F),Brooklyn,2588.819485,7.859343455,40.33,4,4685,43262,1.582730955,1.098612289,9.211203449,12,1.5,188946.05,1744756.46,202682470,68472.10658,0.666666222,8.452334619,10.67505305,1
251,Avenue U (F),Brooklyn,1398.070392,7.243563289,34.33,4,2787,38947,1.343008249,1.791759469,7.459867474,7,1.5,95677.71,1337050.51,108545289,52306.14227,0.666666222,7.933079772,10.5699827,1
252,Avenue X (F),Brooklyn,1847.546444,7.522154903,34.0,4,2805,34577,1.779459047,1.386294361,8.878459657,8,1.5,95370.0,1175618.0,96988485,61528.35547,0.666666222,7.939515261,10.45097292,1
253,Neptune Av (F),Brooklyn,1180.052612,7.074161364,33.0,4,4684,34327,1.861141233,1.791759469,11.23080855,9,2.0,154572.0,1132791.0,160787668,63887.39511,0.49999975,8.452121195,10.44371663,1
278,"Jamaica Center-Parsons/Archer (E,J,Z)",Queens,21249.52044,9.964136665,76.0,0,5494,36468,2.292630342,3.091042453,6.845771688,42,1.0,417544.0,2771568.0,200355192,83607.64331,0.999999,8.611593867,10.50421786,1
279,"Sutphin Blvd-Archer Av-JFK Airport (E,J,Z)",Queens,20143.23561,9.910673452,75.67,0,4975,33296,2.190964098,2.079441542,5.425282797,36,1.0,376458.25,2519508.32,165647600,72950.34061,0.999999,8.512381634,10.41322258,1
280,Jamaica-Van Wyck (E),Queens,3365.09688,8.121509156,39.33,0,4220,34542,2.053352087,0.693147181,6.01904259,42,1.5,165972.6,1358536.86,145767240,70926.88779,0.666666222,8.347827346,10.4499602,1
262,"67 Av (M,R)",Queens,5792.080189,8.664419413,56.33,0,15765,64777,1.639476359,1.791759469,6.420958162,22,1.0,888042.45,3648888.41,1021209405,106200.3601,0.999999,9.665611002,11.07872132,1
263,"63 Dr-Rego Park (M,R)",Queens,10059.19805,9.216342131,56.0,0,11328,64130,1.748297311,1.609437912,8.686035145,29,1.0,634368.0,3591280.0,726464640,112118.3066,0.999999,9.335121089,11.06868315,1
264,"Woodhaven Blvd (M,R)",Queens,13554.8984,9.514577038,55.33,0,10766,55798,1.905804737,1.386294361,8.830371975,27,1.0,595682.78,3087303.34,600721268,106340.0927,0.999999,9.28424118,10.92951123,1
265,"Grand Av-Newtown (M,R)",Queens,12980.76929,9.47130129,56.0,0,6332,55925,1.974951218,2.197224577,6.200291339,30,1.0,354592.0,3131800.0,354117100,110449.1469,0.999999,8.753529337,10.93178467,1
266,"Elmhurst Av (M,R)",Queens,8889.776306,9.092769648,55.67,0,4299,79858,1.953184448,2.48490665,7.757268167,24,1.0,239325.33,4445694.86,343309542,155977.4036,0.999999,8.366370302,11.28801786,1
268,"65 St (M,R)",Queens,2402.65052,7.784743911,51.67,0,3664,52696,1.992185048,2.302585093,8.16172539,12,1.5,189318.88,2722802.32,193078144,104980.1833,0.666666222,8.206583614,10.87231381,1
269,"Northern Blvd (M,R)",Queens,4790.307511,8.47455862,51.33,0,4051,34722,2.147716036,1.791759469,8.014046992,12,1.5,207937.83,1782280.26,140658822,74572.9962,0.666666222,8.306965865,10.45515757,1
270,"46 St (M,R)",Queens,5350.221759,8.58508018,51.33,0,5366,34494,2.117703072,1.791759469,6.689751078,10,1.0,275436.78,1770577.02,185094804,73048.04977,0.999999,8.588024372,10.44856966,1
271,"Steinway St (M,R)",Queens,8784.150943,9.080818182,51.33,0,4310,39329,1.932903569,2.772588722,6.2734896,11,1.5,221232.3,2018757.57,169507990,76019.16447,0.666666222,8.368925175,10.57974287,1
272,"36 St (M,R)",Queens,2685.979076,7.896172821,51.0,0,7186,18283,1.995230473,2.48490665,5.883556724,13,1.5,366486.0,932433.0,131381638,36478.79874,0.666666222,8.880029117,9.813781639,1
273,"Queens Plaza (E,F,R)",Queens,13098.53985,9.480332383,102.67,0,10552,13378,1.848422482,2.708050201,5.875131571,15,0.5,1083373.84,1373519.26,141164656,24728.19596,1.999996,9.264165459,9.501441592,1
282,21 St (G),Queens,1319.085847,7.185452049,36.0,0,8779,20504,2.105075863,2.63905733,3.80727394,15,2.0,316044.0,738144.0,180004616,43162.47549,0.49999975,9.080231687,9.928424038,1
283,Greenpoint Av (G),Brooklyn,7495.129898,8.922142153,35.33,0,7073,25781,2.008244233,2.48490665,8.964697838,6,1.5,249889.09,910842.73,182349013,51774.54457,0.666666222,8.86418137,10.15743185,1
284,Nassau Av (G),Brooklyn,6954.974233,8.847356171,36.0,0,9058,33864,2.067945223,2.63905733,8.353774706,7,1.5,326088.0,1219104.0,306740112,70028.89703,0.666666222,9.111514018,10.43013731,1
629,"Metropolitan Av/Lorimer St (G,L)",Brooklyn,11482.82747,9.348695017,68.33,4,6926,56164,1.921859819,2.63905733,9.446993188,13,1.0,473253.58,3837686.12,388991864,107939.3349,0.999999,8.843182098,10.93604907,1
286,Broadway (G),Brooklyn,3289.410696,8.098767668,36.33,0,8412,75276,1.912364214,1.945910149,21.13402449,16,1.5,305607.96,2734777.08,633221712,143955.1286,0.666666222,9.037533408,11.22892992,1
287,Flushing Av (G),Brooklyn,2241.859035,7.715506686,36.33,0,7004,77008,2.134548722,1.609437912,23.04626284,17,1.5,254455.32,2797700.64,539364032,164377.328,0.666666222,8.854379459,11.25167758,1
288,Myrtle-Willoughby Avs (G),Brooklyn,3746.301524,8.228791266,36.0,0,5000,66830,2.047050976,0.693147181,12.71958527,14,1.5,180000.0,2405880.0,334150000,136804.4167,0.666666222,8.517393171,11.10992232,1
289,Bedford-Nostrand Avs (G),Brooklyn,6261.654028,8.74235934,36.33,0,3822,65863,1.935776819,2.197224577,10.65555657,14,1.5,138853.26,2392802.79,251728386,127496.0686,0.666666222,8.248790734,11.09534729,1
290,Classon Av (G),Brooklyn,4016.483007,8.298410868,36.0,0,4866,60933,1.912732595,2.890371758,11.25842086,17,1.5,175176.0,2193588.0,296499978,116548.5352,0.666666222,8.49023301,11.01754659,1
291,Clinton-Washington Avs (G),Brooklyn,3930.457184,8.276765421,35.67,0,7446,56183,1.961097941,4.189654742,9.92872226,19,1.0,265598.82,2004047.61,418338618,110180.3656,0.999999,8.915566546,10.9363873,1
292,Fulton St (G),Brooklyn,4529.588292,8.418607076,35.67,0,8535,53176,1.940454696,4.143134726,9.271557415,17,1.5,304443.45,1896787.92,453857160,103185.6189,0.666666222,9.052047793,10.88138125,1
196,Aqueduct Racetrack (A),Queens,520.4632317,6.256638767,12.67,0,1694,12813,1.251017801,0.0,2.458358312,12,5.5,21462.98,162340.71,21705222,16029.29108,0.181818149,7.43543802,9.458293602,1
197,Aqueduct-N Conduit Av (A),Queens,599.2941461,6.397419779,22.0,0,515,10791,1.511080178,0.0,1.076082527,13,2.5,11330.0,237402.0,5557365,16306.0662,0.39999984,6.246106765,9.286560398,1
198,Howard Beach-JFK Airport (A),Queens,2313.723694,7.747045605,22.33,0,965,7749,1.027692004,0.0,2.480507804,9,2.5,21548.45,173035.17,7477785,7963.585339,0.39999984,6.873163834,8.955448122,1
199,"Broad Channel (A,S)",Queens,209.7937228,5.350880038,43.0,0,1101,1530,1.343161099,0.0,2.540206169,7,1.5,47343.0,65790.0,1684530,2055.036481,0.666666222,7.00488199,7.333676396,1
204,Beach 67 St (A),Queens,1529.5306,7.333369752,20.67,2,1408,16727,1.889249526,0.0,4.35351198,8,2.0,29103.36,345747.09,23551616,31601.47682,0.49999975,7.250635512,9.724839241,1
205,Beach 60 St (A),Queens,1155.225327,7.052915949,20.67,2,1408,18876,1.930173801,0.0,4.35351198,8,2.25,29103.36,390166.92,26577408,36433.96067,0.444444247,7.250635512,9.845699529,1
206,Beach 44 St (A),Queens,499.9344461,6.216475246,20.67,2,3133,13115,1.791642042,0.0,6.335104939,5,2.5,64759.11,271087.05,41089295,23497.38538,0.39999984,8.050065423,9.481588138,1
207,Beach 36 St (A),Queens,562.601657,6.33434772,20.67,2,3133,17272,1.766531722,0.0,6.335104939,5,2.5,64759.11,357012.24,54113176,30511.5359,0.39999984,8.050065423,9.756899868,1
208,Beach 25 St (A),Queens,1080.760402,6.986344995,20.67,2,3133,31401,1.573010078,0.693147181,6.335104939,5,2.5,64759.11,649058.67,98379333,49394.08946,0.39999984,8.050065423,10.35462686,1
209,Far Rockaway-Mott Av (A),Queens,3065.57402,8.028316263,21.67,2,3133,36427,1.732032379,1.609437912,6.335104939,5,2.0,67892.11,789373.09,114125791,63092.74347,0.49999975,8.050065423,10.50309299,1
200,"Beach 90 St (A,S)",Queens,494.7743106,6.206120804,22.33,0,1211,15416,2.101413564,1.098612289,4.634227939,8,2.0,27041.63,344239.28,18668776,32395.3915,0.49999975,7.100027167,9.643226076,1
201,"Beach 98 St (A,S)",Queens,308.2864054,5.734267726,22.33,1,1211,11971,2.169569749,0.693147181,4.634227939,8,3.0,27041.63,267312.43,14496881,25971.91947,0.333333222,7.100027167,9.390325869,1
202,"Beach 105 St (A,S)",Queens,194.1562046,5.273800287,22.67,0,1211,9130,2.106256963,0.0,4.634227939,8,2.5,27453.37,206977.1,11056430,19230.12607,0.39999984,7.100027167,9.119430497,1
203,"Rockaway Park-Beach 116 St (A,S)",Queens,504.8189405,6.22617878,21.67,0,1211,10135,2.102352214,0.693147181,4.634227939,8,2.5,26242.37,219625.45,12273485,21307.33969,0.39999984,7.100027167,9.223848722,1
80,"121 St (J,Z)",Queens,1662.917997,7.41693034,34.33,0,5390,32734,1.829885009,1.945910149,5.748076559,11,1.5,185038.7,1123758.22,176436260,59899.45588,0.666666222,8.592486175,10.39620012,1
81,111 St (J),Queens,1650.770924,7.409603279,35.0,0,3593,34201,1.669143891,2.079441542,5.180663827,14,1.5,125755.0,1197035.0,122884193,57086.39022,0.666666222,8.187021067,10.4400394,1
82,"104 St (J,Z)",Queens,2115.426282,7.657484229,34.33,0,3183,35180,1.561502245,1.791759469,4.554600019,14,1.0,109272.39,1207729.4,111977940,54933.64898,0.999999,8.065893547,10.46826144,1
83,"Woodhaven Blvd (J,Z)",Queens,1969.657837,7.586122694,36.0,0,2900,37078,1.548902568,1.386294361,3.957205578,11,1.5,104400.0,1334808.0,107526200,57430.20942,0.666666222,7.972810784,10.52080605,1
84,85 St-Forest Pkwy (J),Queens,2705.137881,7.903277761,34.67,0,1065,38262,1.303033606,0.693147181,3.989547661,12,1.5,36923.55,1326543.54,40749030,49856.67183,0.666666222,6.971668605,10.55223865,1
85,"75 St-Elderts Ln (J,Z)",Queens,1501.979802,7.315204951,34.33,0,902,34110,1.416978559,0.693147181,3.40916776,9,1.5,30965.66,1170996.3,30767220,48333.13865,0.666666222,6.805722553,10.43737519,1
86,Cypress Hills (J),Brooklyn,1018.869436,6.927429895,34.67,0,1028,28436,1.240568278,1.386294361,2.745623739,9,1.5,35640.76,985876.12,29232208,35276.79955,0.666666222,6.936342736,10.25544639,1
87,"Crescent St (J,Z)",Brooklyn,2326.403181,7.75250841,36.33,0,1630,46874,1.738956441,1.609437912,3.534800447,7,1.5,59217.9,1702932.42,76404620,81511.84422,0.666666222,7.396948603,10.75523976,1
88,"Norwood Av (J,Z)",Brooklyn,1548.587143,7.345743815,33.67,0,1351,38540,1.698249831,2.197224577,3.384699347,8,1.5,45488.17,1297641.8,52067540,65450.54849,0.666666222,7.209340257,10.55947789,1
89,Cleveland St (J),Brooklyn,1388.30491,7.236558837,34.33,0,1125,39317,1.793749947,1.945910149,2.993207687,12,1.5,38621.25,1349752.61,44231625,70524.86667,0.666666222,7.026426809,10.57943771,1
90,"Van Siclen Av (J,Z)",Brooklyn,1702.305273,7.440325921,34.0,0,1223,32534,2.022113496,2.079441542,2.850033634,9,1.5,41582.0,1106156.0,39789082,65787.44048,0.666666222,7.109879463,10.39007171,1
91,"Alabama Av (J,Z)",Brooklyn,1300.866715,7.171554448,36.0,0,1484,24285,2.084233802,1.791759469,3.123398596,9,1.5,53424.0,874260.0,36038940,50615.61788,0.666666222,7.303170051,10.09765533,1
93,"Chauncey St (J,Z)",Brooklyn,1906.691461,7.553649131,34.67,0,1213,48900,1.808925498,0.693147181,3.64522435,14,1.5,42054.71,1695363.0,59315700,88456.45685,0.666666222,7.101675972,10.79755313,1
94,Halsey St (J),Brooklyn,3911.404088,8.27190732,35.0,0,1519,62262,1.533666404,0.693147181,3.846839285,14,1.5,53165.0,2179170.0,94575978,95489.13765,0.666666222,7.326465614,11.03912263,1
95,"Gates Av (J,Z)",Brooklyn,4668.944485,8.448902463,34.0,0,1890,60994,1.635791743,1.791759469,4.417001877,16,1.5,64260.0,2073796.0,115278660,99773.48157,0.666666222,7.544861069,11.01854717,1
96,Kosciuszko St (J),Brooklyn,3923.294388,8.27494184,34.33,0,2292,58608,1.786247282,1.945910149,4.961363507,14,1.5,78684.36,2012012.64,134329536,104688.3807,0.666666222,7.737616283,10.97864355,1
120,Bedford Av (L),Brooklyn,24743.20398,10.11634656,68.33,3,9537,49070,2.058452854,2.708050201,7.684355896,12,1.0,651663.21,3352953.1,467980590,101008.2815,0.999999,9.163039099,10.80102351,1
122,Graham Av (L),Brooklyn,7105.981313,8.868832864,68.0,2,4429,45904,1.959234598,2.397895273,8.182094025,10,1.0,301172.0,3121472.0,203308816,89936.70499,0.999999,8.396154863,10.73432932,1
123,Grand St (L),Brooklyn,4937.275822,8.504771525,68.0,3,3777,41418,2.004136526,2.48490665,8.26029184,11,1.0,256836.0,2816424.0,156435786,83007.32663,0.999999,8.236950048,10.63149499,1
124,Montrose Av (L),Brooklyn,5071.414429,8.531572202,67.67,2,4272,45833,2.017647098,2.63905733,9.312550464,11,1.0,289086.24,3101519.11,195798576,92474.81944,0.999999,8.360071436,10.73278145,1
125,Morgan Av (L),Brooklyn,5248.069424,8.565806087,68.0,2,4906,33248,1.982011731,2.302585093,7.782646839,13,1.0,333608.0,2260864.0,163114688,65897.92603,0.999999,8.498418036,10.41177997,1
126,Jefferson St (L),Brooklyn,6129.923137,8.721100611,67.33,2,7764,41611,1.780938828,1.945910149,8.732431593,14,1.0,522750.12,2801668.63,323067804,74106.64557,0.999999,8.957381736,10.63614387,1
127,DeKalb Av (L),Brooklyn,8873.35456,9.090920886,67.67,3,4616,63027,1.787254165,2.397895273,8.53738811,18,1.0,312364.72,4265037.09,290932632,112645.2683,0.999999,8.437500423,11.05133435,1
630,"Myrtle-Wyckoff Avs (M,L)",Brooklyn,15786.93953,9.667001606,36.67,3,3597,70747,1.727603282,2.197224577,7.928097219,18,1.5,131901.99,2594292.49,254476959,122222.7494,0.666666222,8.188133415,11.16687955,1
129,Halsey St (L),Queens,5460.994255,8.60556925,61.67,2,2273,49819,1.942022742,2.48490665,7.337947095,17,1.0,140175.91,3072337.73,113238587,96749.63098,0.999999,7.729295674,10.81617179,1
130,Wilson Av (L),Brooklyn,3053.686925,8.024432387,62.0,2,775,31602,1.635352806,1.609437912,4.795532598,8,1.0,48050.0,1959324.0,24491550,51680.41938,0.999999,6.65415252,10.36100733,1
131,Bushwick Av-Aberdeen St (L),Brooklyn,1759.45785,7.473329196,61.67,2,842,30166,1.940065874,1.386294361,3.631073274,10,1.0,51926.14,1860337.22,25399772,58524.02716,0.999999,6.736966958,10.31450389,1
133,Atlantic Av (L),Brooklyn,1310.704282,7.179082549,61.33,2,1964,31069,2.239936805,0.693147181,5.469338943,10,1.0,120452.12,1905461.77,61019516,69592.59659,0.999999,7.583247524,10.343998,1
134,Sutter Av (L),Brooklyn,1726.838353,7.454626399,61.67,2,1856,40747,2.087373961,1.098612289,4.652032328,10,1.0,114459.52,2512867.49,75626432,85054.22679,0.999999,7.526717561,10.61516204,1
135,Livonia Av (L),Brooklyn,1937.17979,7.569504559,61.33,2,664,42825,1.988164916,1.386294361,4.496805238,9,1.0,40723.12,2626457.25,28435800,85143.16253,0.999999,6.499787041,10.66490067,1
136,New Lots Av (L),Brooklyn,2384.396831,7.777120776,60.67,2,3638,26780,2.147949307,1.386294361,6.144260328,14,1.0,220717.46,1624742.6,97425640,57522.08244,0.999999,8.199464198,10.19544796,1
137,East 105 St (L),Brooklyn,2036.415336,7.619437291,60.67,3,3892,21833,2.038465956,0.693147181,3.267290212,10,1.0,236127.64,1324608.11,84974036,44505.82722,0.999999,8.266935348,9.991223667,1
138,Canarsie-Rockaway Pkwy (L),Brooklyn,2112.861817,7.656271798,57.0,1,4079,27865,2.005137559,0.693147181,1.970825593,12,1.0,232503.0,1588305.0,113661335,55873.15808,0.999999,8.313852267,10.23516259,1
108,Middle Village-Metropolitan Av (M),Queens,2986.81882,8.002298908,36.33,1,1778,15237,1.782185556,1.386294361,4.669309578,12,1.5,64594.74,553560.21,27091386,27155.16132,0.666666222,7.483806688,9.631547587,1
109,Fresh Pond Rd (M),Queens,4201.165336,8.343355228,36.0,1,4107,43088,1.722512173,2.397895273,6.557155646,17,1.5,147852.0,1551168.0,176962416,74219.60451,0.666666222,8.320691571,10.67102302,1
110,Forest Av (M),Queens,3251.764937,8.087260664,36.0,1,4059,65009,1.480769351,2.772588722,6.939331463,18,1.5,146124.0,2340324.0,263871531,96263.33474,0.666666222,8.308938253,11.08229638,1
111,Seneca Av (M),Queens,2105.812893,7.652931607,36.33,1,3172,69615,1.692141624,2.63905733,7.505455181,17,1.5,115238.76,2529112.95,220818780,117798.4392,0.666666222,8.062432792,11.1507497,1
113,Knickerbocker Av (M),Brooklyn,2889.460752,7.969171198,36.67,1,3374,67456,1.81798493,2.079441542,7.703477719,17,1.5,123724.58,2473611.52,227596544,122633.9914,0.666666222,8.124150603,11.11924564,1
114,Central Av (M),Brooklyn,2828.179971,7.947742186,37.0,1,2831,62194,1.935594414,1.791759469,6.584930054,16,1.5,104747.0,2301178.0,176071214,120382.359,0.666666222,7.948738455,11.03802989,1
97,"Myrtle Av (M,J,Z)",Brooklyn,8614.009676,9.061261272,72.67,0,3270,57239,1.990267132,1.945910149,6.114219268,13,1.0,237630.9,4159558.13,187171530,113920.9004,0.999999,8.092851028,10.95500823,1
98,"Flushing Av (M,J)",Brooklyn,5355.548016,8.58607502,60.0,0,4354,59570,2.116570087,2.079441542,9.691668877,16,1.0,261240.0,3574200.0,259367780,126084.0801,0.999999,8.379079889,10.99492416,1
99,"Lorimer St (M,J)",Brooklyn,2869.982765,7.962409677,59.67,0,6126,75622,2.029161013,2.079441542,18.84466932,17,1.0,365538.42,4512364.74,463260372,153449.2141,0.999999,8.720460513,11.23351575,1
100,"Hewes St (M,J)",Brooklyn,1945.423803,7.57374902,60.0,0,9720,76920,1.91344391,2.63905733,22.71200937,17,1.0,583200.0,4615200.0,747662400,147182.1056,0.999999,9.182043773,11.2505342,1
103,"Bowery (J,Z)",Manhattan,2452.769775,7.805380805,36.67,1,12662,74867,1.724455677,5.010635294,24.41773126,50,2.0,464315.54,2745372.89,947965954,129104.8232,0.49999975,9.446439634,11.22348184,1
71,8 Av (N),Brooklyn,8028.686139,8.99090072,35.0,0,3879,55550,1.915274417,0.0,15.50359804,30,1.5,135765.0,1944250.0,215478450,106393.4939,0.666666222,8.263590433,10.9250568,1
72,Fort Hamilton Pkwy (N),Brooklyn,4945.477927,8.506431072,35.33,0,6687,49692,1.58406075,0.693147181,16.23055233,29,1.5,236251.71,1755618.36,332290404,78715.14679,0.666666222,8.808070155,10.81361936,1
74,18 Av (N),Brooklyn,3661.116836,8.20579663,34.67,0,4333,45709,1.692902758,1.609437912,13.07828796,6,1.5,150225.11,1584731.03,198057097,77380.89217,0.666666222,8.374246182,10.73007237,1
75,20 Av (N),Brooklyn,3157.792513,8.057945118,35.0,0,2972,49405,1.609829002,1.386294361,10.49337057,7,1.5,104020.0,1729175.0,146831660,79533.60184,0.666666222,7.997326823,10.80782715,1
76,Bay Pkwy (N),Brooklyn,5045.586115,8.526467277,35.33,0,2672,56581,1.345291655,1.386294361,8.907120064,8,1.5,94401.76,1999006.73,151184432,76117.94713,0.666666222,7.890956716,10.94344619,1
77,Kings Hwy (N),Brooklyn,4077.813075,8.313561312,35.33,0,2996,52720,1.5767079,1.098612289,7.490529384,7,1.5,105848.68,1862597.6,157949120,83124.04049,0.666666222,8.005367067,10.87276914,1
78,Avenue U (N),Brooklyn,2787.658503,7.933315936,35.0,0,2394,46074,1.427656661,1.386294361,7.222496553,10,1.5,83790.0,1612590.0,110301156,65777.853,0.666666222,7.78113851,10.73802578,1
79,86 St (N),Brooklyn,1794.305697,7.492930591,34.0,0,2022,35741,1.932734654,1.609437912,7.662348413,11,2.0,68748.0,1215194.0,72268302,69077.86927,0.49999975,7.612336837,10.48408175,1
475,96 St (Q),Manhattan,12813.53876,9.458335646,41.0,0,11574,103803,1.798884725,3.33220451,13.66965265,25,1.5,474534.0,4255923.0,1201415922,186729.6311,0.666666222,9.356602879,11.55025978,1
1,"Astoria-Ditmars Blvd (N,W)",Queens,11006.62192,9.306343213,45.0,0,7920,41838,1.664025458,2.564949357,5.791004699,6,1.5,356400.0,1882710.0,331356960,69619.49711,0.666666222,8.977272739,10.6415842,1
2,"Astoria Blvd (N,W)",Queens,7942.654451,8.980128707,45.0,0,6034,49776,1.782123577,2.708050201,5.832548291,10,1.5,271530.0,2239920.0,300348384,88706.98317,0.666666222,8.705331134,10.81530831,1
3,"30 Av (N,W)",Queens,10034.60002,9.213894053,46.0,0,5215,56111,1.800589606,2.302585093,5.774012769,11,1.5,239890.0,2581106.0,292618865,101032.8834,0.666666222,8.559486104,10.93510497,1
4,"Broadway (N,W)",Queens,9029.28447,9.108339149,46.0,0,5300,56772,1.803719209,2.63905733,5.97800612,12,1.5,243800.0,2611512.0,300891600,102400.7469,0.666666222,8.575650761,10.94681614,1
5,"36 Av (N,W)",Queens,4828.133104,8.482422249,46.0,0,6834,35178,2.15659135,2.63905733,6.758138485,14,1.5,314364.0,1618188.0,240406452,75864.57051,0.666666222,8.829811749,10.46820459,1
6,"39 Av-Dutch Kills (N,W)",Queens,2725.287978,7.910696248,46.33,0,7692,19457,1.897103644,2.079441542,6.797150179,14,1.5,356370.36,901442.81,149663244,36911.9456,0.666666222,8.948066103,9.876013576,1
28,Union St (R),Brooklyn,5532.907112,8.618649375,38.33,0,4151,48187,2.084870218,3.433987204,9.055040805,14,1.5,159107.83,1847007.71,200024237,100463.6412,0.666666222,8.331345425,10.78286531,1
30,Prospect Av (R),Brooklyn,4406.090167,8.390969925,39.0,0,4643,34961,2.104085516,3.044522438,9.461652835,21,1.5,181077.0,1363479.0,162323923,73560.93372,0.666666222,8.443331343,10.46201704,1
31,25 St (R),Brooklyn,2667.441824,7.889249994,39.0,0,4539,21880,1.86232061,2.63905733,9.973095819,19,1.5,177021.0,853320.0,99313320,40747.57495,0.666666222,8.420682291,9.993373959,1
32,"36 St (D,N,R)",Brooklyn,11194.84349,9.323297872,108.0,0,6388,20896,1.879677189,2.397895273,11.34680214,18,0.5,689904.0,2256768.0,133483648,39277.73454,1.999996,8.762333041,9.947360887,1
33,45 St (R),Brooklyn,5699.981011,8.648393546,39.33,0,8706,49405,1.808706404,2.302585093,14.08854826,15,1.5,342406.98,1943098.65,430119930,89359.13989,0.666666222,9.071882579,10.80782715,1
34,53 St (R),Brooklyn,6286.876028,8.746378618,39.33,0,6975,66172,1.808128725,2.397895273,15.0665788,17,1.5,274326.75,2602544.76,461549700,119647.494,0.666666222,8.850230966,11.1000278,1
35,"59 St (N,R)",Brooklyn,9194.564224,9.126476497,71.67,0,6249,56083,2.072315819,2.079441542,14.00274146,32,1.0,447865.83,4019468.61,350462667,116221.6881,0.999999,8.740336743,10.93460585,1
36,Bay Ridge Av (R),Brooklyn,5780.660861,8.662446267,37.0,0,4520,48350,2.013010261,2.302585093,9.986424151,56,1.5,167240.0,1788950.0,218542000,97329.04612,0.666666222,8.416488487,10.78624218,1
37,77 St (R),Brooklyn,4022.607583,8.299934188,36.67,0,4037,46233,1.597708049,2.48490665,7.804447555,64,1.5,148036.79,1695364.11,186642621,73866.83623,0.666666222,8.303504799,10.74147074,1
38,86 St (R),Brooklyn,8620.412131,9.062004171,36.67,0,3540,40411,1.460767821,1.609437912,7.769198389,26,1.5,129811.8,1481871.37,143054940,59031.08841,0.666666222,8.172164452,10.60688205,1
39,Bay Ridge-95 St (R),Brooklyn,4079.783019,8.314044165,36.33,0,8533,34006,1.707979323,1.098612289,5.302099177,68,1.5,310003.89,1235437.98,290173198,58081.54486,0.666666222,9.051813464,10.43432166,1
141,Park Pl (S),Brooklyn,1146.151851,7.045037498,36.0,0,2022,60412,1.89618407,3.044522438,5.497747201,13,2.5,72792.0,2174832.0,122153064,114552.272,0.39999984,7.612336837,11.00895959,1
522,Tottenville (SIR),Staten Island,,,0.0,0,3750,5222,1.033315053,0.0,2.097405463,57,1.5,0.0,0.0,19582500,5395.971207,0.666666222,8.22977775,8.560827228,1
523,Arthur Kill (SIR),Staten Island,,,0.0,0,3750,5766,1.680253306,0.0,2.097405463,57,1.5,0.0,0.0,21622500,9688.340562,0.666666222,8.22977775,8.659907294,1
519,Richmond Valley (SIR),Staten Island,,,0.0,0,3750,3098,1.68082259,0.0,2.097405463,57,1.5,0.0,0.0,11617500,5207.188384,0.666666222,8.22977775,8.038834758,1
518,Pleasant Plains (SIR),Staten Island,,,0.0,0,3750,4233,1.474847842,0.0,2.097405463,57,1.5,0.0,0.0,15873750,6243.030915,0.666666222,8.22977775,8.350902452,1
517,Prince's Bay (SIR),Staten Island,,,0.0,0,3750,5787,1.387230737,0.693147181,2.097405463,57,1.5,0.0,0.0,21701250,8027.904275,0.666666222,8.22977775,8.663542088,1
516,Huguenot (SIR),Staten Island,,,0.0,0,3750,7760,1.313042142,0.0,2.097405463,57,1.5,0.0,0.0,29100000,10189.20702,0.666666222,8.22977775,8.956866471,1
515,Annadale (SIR),Staten Island,,,0.0,0,3750,8819,0.938677242,0.0,2.097405463,57,1.5,0.0,0.0,33071250,8278.194597,0.666666222,8.22977775,9.084777149,1
514,Eltingville (SIR),Staten Island,,,0.0,0,3750,13819,0.970807873,1.098612289,2.097405463,57,1.5,0.0,0.0,51821250,13415.594,0.666666222,8.22977775,9.533872097,1
513,Great Kills (SIR),Staten Island,,,0.0,0,3750,14490,1.088753533,0.0,2.097405463,57,1.5,0.0,0.0,54337500,15776.03869,0.666666222,8.22977775,9.581283046,1
512,Bay Terrace (SIR),Staten Island,,,0.0,0,3750,11427,0.950916905,0.0,2.097405463,57,1.5,0.0,0.0,42851250,10866.12747,0.666666222,8.22977775,9.343821763,1
511,Oakwood Heights (SIR),Staten Island,,,0.0,0,3750,10566,0.888896057,0.0,2.097405463,57,1.5,0.0,0.0,39622500,9392.075738,0.666666222,8.22977775,9.265491216,1
510,New Dorp (SIR),Staten Island,,,0.0,0,3750,11488,1.148248242,1.098612289,2.097405463,57,1.5,0.0,0.0,43080000,13191.0758,0.666666222,8.22977775,9.349145335,1
509,Grant City (SIR),Staten Island,,,0.0,0,3750,10437,1.263089374,0.0,2.097405463,57,1.5,0.0,0.0,39138750,13182.8638,0.666666222,8.22977775,9.253208272,1
508,Jefferson Av (SIR),Staten Island,,,0.0,0,3750,11191,1.265023946,0.0,2.097405463,57,1.5,0.0,0.0,41966250,14156.88298,0.666666222,8.22977775,9.322954516,1
507,Dongan Hills (SIR),Staten Island,,,0.0,0,8749,13496,1.451369182,0.693147181,3.118488494,64,1.5,0.0,0.0,118076504,19587.67848,0.666666222,9.076808979,9.510222718,1
506,Old Town (SIR),Staten Island,,,0.0,0,8749,14858,1.282841415,0.693147181,3.118488494,64,1.5,0.0,0.0,129992642,19060.45774,0.666666222,9.076808979,9.606361021,1
505,Grasmere (SIR),Staten Island,,,0.0,1,9179,14421,1.633204245,0.0,3.05261242,64,1.5,0.0,0.0,132370359,23552.43842,0.666666222,9.124782484,9.576510097,1
504,Clifton (SIR),Staten Island,,,0.0,1,14778,10522,2.007793834,2.197224577,3.613307375,66,1.5,0.0,0.0,155494116,21126.00672,0.666666222,9.600962533,9.261318617,1
503,Stapleton (SIR),Staten Island,,,0.0,1,10041,11168,1.996952028,2.564949357,4.944183242,53,1.5,0.0,0.0,112137888,22301.96025,0.666666222,9.214531577,9.320897363,1
502,Tompkinsville (SIR),Staten Island,465.4226536,6.145092205,0.0,1,10092,9257,2.113781003,2.197224577,5.035207648,53,1.5,0.0,0.0,93421644,19567.27074,0.666666222,9.219597393,9.133243322,1
501,St George (SIR),Staten Island,7165.520501,8.87717553,0.0,1,5740,7328,2.205897062,1.945910149,6.305771947,43,1.5,0.0,0.0,42062720,16164.81367,0.666666222,8.65538869,8.89959436,1
IBX_1,Roosevelt Avenue,Brooklyn,,,0.0,6,3470,75164,1.821627559,2.197224577,8.206516706,13,1.5,0.0,0.0,260819080,136920.8138,0.666666222,8.152198016,11.22744098,1
IBX_2,Grand Avenue,Brooklyn,,,0.0,1,5222,30140,1.404210592,0.693147181,4.650884195,22,1.5,0.0,0.0,157391080,42322.90724,0.666666222,8.560827228,10.31364165,1
IBX_3,Eliot Avenue,Brooklyn,,,0.0,1,2812,27989,1.404966359,0.0,4.372273564,26,1.5,0.0,0.0,78705068,39323.60342,0.666666222,7.942006808,10.23960258,1
IBX_4,Metropolitan Avenue,Brooklyn,,,0.0,2,1922,14913,1.800557392,1.386294361,4.740269885,12,1.5,0.0,0.0,28662786,26851.71239,0.666666222,7.561641746,9.610055648,1
IBX_5,Myrtle Avenue,Brooklyn,,,0.0,1,3580,70001,1.782722729,2.397895273,7.842674823,18,1.5,0.0,0.0,250603580,124792.3738,0.666666222,8.18339737,11.15627909,1
IBX_6,Wilson Avenue,Brooklyn,,,0.0,2,307,24662,1.543992884,1.386294361,4.975792036,7,1.5,0.0,0.0,7571234,38077.95251,0.666666222,5.730099783,10.11305942,1
IBX_7,Atlantic Avenue,Brooklyn,,,0.0,6,885,42174,1.825419029,1.098612289,3.882791228,11,1.5,0.0,0.0,37323990,76985.22213,0.666666222,6.786716951,10.64958291,1
IBX_8,Sutter Avenue,Brooklyn,,,0.0,2,1856,40291,2.094860579,1.098612289,4.652032328,10,1.5,0.0,0.0,74780096,84404.02759,0.666666222,7.526717561,10.60390822,1
IBX_9,Livonia Avenue,Brooklyn,,,0.0,3,889,43226,1.986497986,1.386294361,4.877592608,11,1.5,0.0,0.0,38427914,85868.36194,0.666666222,6.791221463,10.67422058,1
IBX_10,Linden Blvd,Brooklyn,,,0.0,1,2658,25534,2.135530829,1.386294361,5.517469906,16,1.5,0.0,0.0,67869372,54528.64419,0.666666222,7.885705391,10.14780534,1
IBX_11,Remsen Avenue,Brooklyn,,,0.0,1,5335,36310,1.918119616,0.693147181,3.852421635,13,1.5,0.0,0.0,193713850,69646.92326,0.666666222,8.582231588,10.499876,1
IBX_12,Utica Avenue,Brooklyn,,,0.0,1,5130,30777,1.33586193,1.386294361,2.346444856,12,1.5,0.0,0.0,157886010,41113.82262,0.666666222,8.543055851,10.33455543,1
IBX_13,Flatbush–Nostrand,Brooklyn,,,0.0,5,4683,49359,1.489971858,1.609437912,4.962746312,17,1.5,0.0,0.0,231148197,73543.52094,0.666666222,8.451907725,10.80689566,1
IBX_14,East 16 Street,Brooklyn,,,0.0,3,2462,43125,1.525501095,1.945910149,7.567884911,15,1.5,0.0,0.0,106173750,65787.23472,0.666666222,7.809135398,10.67188134,1
IBX_15,McDonald Avenue,Brooklyn,,,0.0,2,3945,32668,1.731113881,0.0,19.7060787,9,1.5,0.0,0.0,128875260,56552.02826,0.666666222,8.280457687,10.3941819,1
IBX_16,New Utrecht Avenue,Brooklyn,,,0.0,3,5123,45594,1.724949482,1.609437912,14.80167541,7,1.5,0.0,0.0,233578062,78647.34668,0.666666222,8.541690663,10.72755334,1
IBX_17,8 Avenue,Brooklyn,,,0.0,2,5866,63813,1.618790637,0.693147181,21.83925323,27,1.5,0.0,0.0,374327058,103299.8869,0.666666222,8.677098709,11.06372788,1
IBX_18,4 Avenue,Brooklyn,,,0.0,2,6159,69420,1.590859604,2.397895273,15.81121762,18,1.5,0.0,0.0,427557780,110437.4737,0.666666222,8.725832057,11.14794469,1
IBX_19,Brooklyn Army Terminal,Brooklyn,,,0.0,1,2696,2091,1.131198892,1.098612289,14.01029757,14,1.5,0.0,0.0,5637336,2365.336883,0.666666222,7.899895323,7.645875825,1
