station_complex_id,station_complex,borough,latitude,longitude,geometry,avg_annual_ridership,log_avg_ridership
119,1 Av (L),Manhattan,40.730953,-73.98163,POINT (-73.98163 40.730953),18401.75853,9.820255852
309,103 St (1),Manhattan,40.799446,-73.968376,POINT (-73.968376 40.799446),8875.611212,9.091175143
395,103 St (6),Manhattan,40.7906,-73.94748,POINT (-73.94748 40.7906),8480.911889,9.045691162
156,"103 St (C,B)",Manhattan,40.796093,-73.96146,POINT (-73.96146 40.796093),3277.341014,8.095092785
450,103 St-Corona Plaza (7),Queens,40.749866,-73.8627,POINT (-73.8627 40.749866),19936.47756,9.900356534
193,104 St (A),Queens,40.68171,-73.837685,POINT (-73.837685 40.68171),1269.104802,7.146854697
82,"104 St (J,Z)",Queens,40.69518,-73.84433,POINT (-73.84433 40.69518),2115.426282,7.657484229
394,110 St (6),Manhattan,40.79502,-73.94425,POINT (-73.94425 40.79502),6732.242501,8.814812105
449,111 St (7),Queens,40.75173,-73.85533,POINT (-73.85533 40.75173),6383.826258,8.761679557
194,111 St (A),Queens,40.68433,-73.83216,POINT (-73.83216 40.68433),1633.012941,7.398794195
81,111 St (J),Queens,40.69742,-73.83634,POINT (-73.83634 40.69742),1650.770924,7.409603279
440,"116 St (2,3)",Manhattan,40.802097,-73.94962,POINT (-73.94962 40.802097),6178.910135,8.729059009
393,116 St (6),Manhattan,40.79863,-73.94162,POINT (-73.94162 40.79863),8893.89544,9.093232845
154,"116 St (C,B)",Manhattan,40.805084,-73.95488,POINT (-73.95488 40.805084),4606.427129,8.435424874
307,116 St-Columbia University (1),Manhattan,40.80772,-73.96411,POINT (-73.96411 40.80772),11143.2038,9.318674803
80,"121 St (J,Z)",Queens,40.700493,-73.82829,POINT (-73.82829 40.700493),1662.917997,7.41693034
306,125 St (1),Manhattan,40.815582,-73.958374,POINT (-73.958374 40.815582),6426.772013,8.768383258
439,"125 St (2,3)",Manhattan,40.807755,-73.945496,POINT (-73.945496 40.807755),8855.033986,9.088854312
392,"125 St (4,5,6)",Manhattan,40.80414,-73.93759,POINT (-73.93759 40.80414),16700.45501,9.723251121
153,"125 St (A,C,B,D)",Manhattan,40.811108,-73.95235,POINT (-73.95235 40.811108),18301.69092,9.814803373
438,"135 St (2,3)",Manhattan,40.814228,-73.94077,POINT (-73.94077 40.814228),7199.292392,8.881876914
152,"135 St (C,B)",Manhattan,40.817894,-73.94765,POINT (-73.94765 40.817894),3785.780056,8.239271347
305,137 St-City College (1),Manhattan,40.822006,-73.953674,POINT (-73.953674 40.822006),8579.733551,9.057274684
391,"138 St-Grand Concourse (4,5)",Bronx,40.813225,-73.92985,POINT (-73.92985 40.813225),2618.438921,7.870715422
618,"14 St (A,C,E)/8 Av (L)",Manhattan,40.740894,-74.00169,POINT (-74.00169 40.740894),34899.89786,10.46026783
601,"14 St (F,M,1,2,3)/6 Av (L)",Manhattan,40.738228,-73.99621,POINT (-73.99621 40.738228),34413.02068,10.44621934
602,"14 St-Union Sq (L,N,Q,R,W,4,5,6)",Manhattan,40.735737,-73.98995,POINT (-73.98995 40.735737),69318.73494,11.14648492
304,145 St (1),Manhattan,40.82655,-73.95036,POINT (-73.95036 40.82655),6410.277758,8.765813868
437,145 St (3),Manhattan,40.82042,-73.93625,POINT (-73.93625 40.82042),2004.105769,7.603452091
151,"145 St (A,C,B,D)",Manhattan,40.824783,-73.944214,POINT (-73.944214 40.824783),15651.16824,9.658364732
603,"149 St-Grand Concourse (2,4,5)",Bronx,40.818375,-73.92735,POINT (-73.92735 40.818375),6980.165518,8.850971161
241,"15 St-Prospect Park (F,G)",Brooklyn,40.660366,-73.97949,POINT (-73.97949 40.660366),4473.498972,8.406149663
220,"155 St (B,D)",Manhattan,40.830135,-73.93821,POINT (-73.93821 40.830135),1884.604197,7.542003577
150,155 St (C),Manhattan,40.830517,-73.94151,POINT (-73.94151 40.830517),1697.622762,7.437573062
303,157 St (1),Manhattan,40.83404,-73.94489,POINT (-73.94489 40.83404),7076.841618,8.864724284
604,"161 St-Yankee Stadium (B,D,4)",Bronx,40.827904,-73.92565,POINT (-73.92565 40.827904),17504.653,9.770279136
149,163 St-Amsterdam Av (C),Manhattan,40.836014,-73.939896,POINT (-73.939896 40.836014),2679.987179,7.893940356
388,167 St (4),Bronx,40.835537,-73.9214,POINT (-73.9214 40.835537),5606.061139,8.631782
218,"167 St (B,D)",Bronx,40.83377,-73.91844,POINT (-73.91844 40.83377),4899.177492,8.497026706
605,"168 St (A,C,1)",Manhattan,40.840717,-73.93956,POINT (-73.93956 40.840717),17334.49395,9.760511352
255,169 St (F),Queens,40.71047,-73.7936,POINT (-73.7936 40.71047),5545.630382,8.620945884
387,170 St (4),Bronx,40.840076,-73.91779,POINT (-73.91779 40.840076),4496.430576,8.41126153
217,"170 St (B,D)",Bronx,40.839306,-73.9134,POINT (-73.9134 40.839306),3495.997158,8.159659924
428,"174 St (2,5)",Bronx,40.837288,-73.88773,POINT (-73.88773 40.837288),3595.812651,8.187803358
216,"174-175 Sts (B,D)",Bronx,40.8459,-73.91013,POINT (-73.91013 40.8459),2735.793602,7.914542296
147,175 St (A),Manhattan,40.84739,-73.939705,POINT (-73.939705 40.84739),7329.712325,8.89982797
385,176 St (4),Bronx,40.84848,-73.9118,POINT (-73.9118 40.84848),3295.020864,8.100471221
66,18 Av (D),Brooklyn,40.607952,-74.00174,POINT (-74.00174 40.607952),4355.382862,8.379397373
245,18 Av (F),Brooklyn,40.629753,-73.976974,POINT (-73.976974 40.629753),2542.006713,7.841102405
74,18 Av (N),Brooklyn,40.62067,-73.99042,POINT (-73.99042 40.62067),3661.116836,8.20579663
321,18 St (1),Manhattan,40.74104,-73.99787,POINT (-73.99787 40.74104),5874.625665,8.67856783
301,181 St (1),Manhattan,40.849506,-73.93359,POINT (-73.93359 40.849506),7394.815735,8.908669678
146,181 St (A),Manhattan,40.851696,-73.937965,POINT (-73.937965 40.851696),6179.13395,8.729095225
214,"182-183 Sts (B,D)",Bronx,40.856094,-73.90074,POINT (-73.90074 40.856094),2871.285377,7.962863291
383,183 St (4),Bronx,40.858406,-73.90388,POINT (-73.90388 40.858406),3475.493832,8.153779545
145,190 St (A),Manhattan,40.85902,-73.93418,POINT (-73.93418 40.85902),3165.123307,8.060263187
300,191 St (1),Manhattan,40.855225,-73.92941,POINT (-73.92941 40.855225),5273.958454,8.570726082
232,2 Av (F),Manhattan,40.7234,-73.98994,POINT (-73.98994 40.7234),11960.82747,9.389475814
67,20 Av (D),Brooklyn,40.604557,-73.99817,POINT (-73.99817 40.604557),3597.546746,8.188285361
75,20 Av (N),Brooklyn,40.61741,-73.98502,POINT (-73.98502 40.61741),3157.792513,8.057945118
298,207 St (1),Manhattan,40.86462,-73.91882,POINT (-73.91882 40.86462),4202.989296,8.343789186
282,21 St (G),Queens,40.744064,-73.94972,POINT (-73.94972 40.744064),1319.085847,7.185452049
221,21 St-Queensbridge (F),Queens,40.754204,-73.94283,POINT (-73.94283 40.754204),5337.413703,8.582683829
297,215 St (1),Manhattan,40.869446,-73.915276,POINT (-73.915276 40.869446),1625.478834,7.394172733
420,"219 St (2,5)",Bronx,40.883896,-73.86263,POINT (-73.86263 40.883896),1536.946118,7.338203115
419,"225 St (2,5)",Bronx,40.888023,-73.860344,POINT (-73.860344 40.888023),1906.389635,7.553490903
320,23 St (1),Manhattan,40.74408,-73.99566,POINT (-73.99566 40.74408),9883.77165,9.198750635
405,23 St (6),Manhattan,40.739864,-73.9866,POINT (-73.9866 40.739864),19494.02141,9.8779144
165,"23 St (C,E)",Manhattan,40.745907,-73.99804,POINT (-73.99804 40.745907),15445.03302,9.645107487
228,"23 St (F,M)",Manhattan,40.742878,-73.99282,POINT (-73.99282 40.742878),19612.75581,9.883986426
14,"23 St (R,W)",Manhattan,40.741302,-73.98934,POINT (-73.98934 40.741302),14091.69606,9.553411932
295,231 St (1),Bronx,40.878857,-73.90483,POINT (-73.90483 40.878857),6068.436623,8.711021066
418,"233 St (2,5)",Bronx,40.893192,-73.857475,POINT (-73.857475 40.893192),2606.342163,7.866086653
294,238 St (1),Bronx,40.884666,-73.90087,POINT (-73.90087 40.884666),3132.381531,8.049868062
69,25 Av (D),Brooklyn,40.597706,-73.98683,POINT (-73.98683 40.597706),3088.780721,8.035855403
31,25 St (R),Brooklyn,40.660397,-73.99809,POINT (-73.99809 40.660397),2667.441824,7.889249994
319,28 St (1),Manhattan,40.747215,-73.99336,POINT (-73.99336 40.747215),9979.296928,9.208368121
404,28 St (6),Manhattan,40.74307,-73.98426,POINT (-73.98426 40.74307),15169.64441,9.627117551
13,"28 St (R,W)",Manhattan,40.745495,-73.98869,POINT (-73.98869 40.745495),8778.589683,9.080184952
118,3 Av (L),Manhattan,40.73285,-73.98612,POINT (-73.98612 40.73285),4807.916183,8.478227012
377,3 Av-138 St (6),Bronx,40.810474,-73.92614,POINT (-73.92614 40.810474),5542.413582,8.62036576
434,"3 Av-149 St (2,5)",Bronx,40.81611,-73.917755,POINT (-73.917755 40.81611),11628.18874,9.361273487
3,"30 Av (N,W)",Queens,40.76678,-73.92148,POINT (-73.92148 40.76678),10034.60002,9.213894053
403,33 St (6),Manhattan,40.746082,-73.98208,POINT (-73.98208 40.746082),19920.53955,9.899556815
460,33 St-Rawson St (7),Queens,40.744587,-73.931,POINT (-73.931 40.744587),6482.170174,8.776964894
607,"34 St-Herald Sq (B,D,F,M,N,Q,R,W)",Manhattan,40.749718,-73.98782,POINT (-73.98782 40.749718),77124.2038,11.2531854
471,34 St-Hudson Yards (7),Manhattan,40.755882,-74.00191,POINT (-74.00191 40.755882),19714.35371,9.889152987
318,"34 St-Penn Station (1,2,3)",Manhattan,40.750374,-73.99106,POINT (-73.99106 40.750374),52349.35916,10.86571408
164,"34 St-Penn Station (A,C,E)",Manhattan,40.75229,-73.99339,POINT (-73.99339 40.75229),57809.25587,10.96492148
5,"36 Av (N,W)",Queens,40.756805,-73.92957,POINT (-73.92957 40.756805),4828.133104,8.482422249
32,"36 St (D,N,R)",Brooklyn,40.655144,-74.00355,POINT (-74.00355 40.655144),11194.84349,9.323297872
272,"36 St (M,R)",Queens,40.75204,-73.92878,POINT (-73.92878 40.75204),2685.979076,7.896172821
6,"39 Av-Dutch Kills (N,W)",Queens,40.75288,-73.932755,POINT (-73.932755 40.75288),2725.287978,7.910696248
608,"4 Av (F,G)/9 St (R)",Brooklyn,40.670273,-73.98978,POINT (-73.98978 40.670273),9184.428943,9.125373697
459,40 St-Lowery St (7),Queens,40.743782,-73.92402,POINT (-73.92402 40.743782),7224.420295,8.885360684
33,45 St (R),Brooklyn,40.648937,-74.01001,POINT (-74.01001 40.648937),5699.981011,8.648393546
270,"46 St (M,R)",Queens,40.756313,-73.91333,POINT (-73.91333 40.756313),5350.221759,8.58508018
458,46 St-Bliss St (7),Queens,40.743134,-73.918434,POINT (-73.918434 40.743134),9244.58545,9.131901468
225,"47-50 Sts-Rockefeller Ctr (B,D,F,M)",Manhattan,40.758663,-73.98133,POINT (-73.98133 40.758663),42784.10202,10.66394524
10,"49 St (N,R,W)",Manhattan,40.7599,-73.98414,POINT (-73.98414 40.7599),18561.21172,9.828883165
276,"5 Av/53 St (E,M)",Manhattan,40.760166,-73.97523,POINT (-73.97523 40.760166),17243.08406,9.755224411
8,"5 Av/59 St (N,R,W)",Manhattan,40.764812,-73.97335,POINT (-73.97335 40.764812),11365.11157,9.338391538
316,50 St (1),Manhattan,40.761726,-73.98385,POINT (-73.98385 40.761726),18476.30418,9.824298457
162,"50 St (C,E)",Manhattan,40.762455,-73.985985,POINT (-73.985985 40.762455),15805.84748,9.66819851
61,50 St (D),Brooklyn,40.63626,-73.99479,POINT (-73.99479 40.63626),2538.286768,7.839638521
457,52 St (7),Queens,40.74415,-73.91255,POINT (-73.91255 40.74415),4700.237179,8.455580983
34,53 St (R),Brooklyn,40.64507,-74.01403,POINT (-74.01403 40.64507),6286.876028,8.746378618
62,55 St (D),Brooklyn,40.631435,-73.995476,POINT (-73.995476 40.631435),1395.530842,7.24174647
224,57 St (F),Manhattan,40.763973,-73.97745,POINT (-73.97745 40.763973),9096.782051,9.115785932
9,"57 St-7 Av (N,Q,R,W)",Manhattan,40.764664,-73.98066,POINT (-73.98066 40.764664),25519.28864,10.14722905
35,"59 St (N,R)",Brooklyn,40.64136,-74.01788,POINT (-74.01788 40.64136),9194.564224,9.126476497
614,"59 St-Columbus Circle (A,B,C,D,1)",Manhattan,40.768295,-73.981735,POINT (-73.981735 40.768295),52441.69297,10.86747629
456,61 St-Woodside (7),Queens,40.74563,-73.902985,POINT (-73.902985 40.74563),12963.56271,9.469974969
263,"63 Dr-Rego Park (M,R)",Queens,40.729847,-73.8616,POINT (-73.8616 40.729847),10059.19805,9.216342131
268,"65 St (M,R)",Queens,40.74967,-73.89845,POINT (-73.89845 40.74967),2402.65052,7.784743911
314,66 St-Lincoln Center (1),Manhattan,40.77344,-73.98221,POINT (-73.98221 40.77344),15573.27897,9.653376048
262,"67 Av (M,R)",Queens,40.726524,-73.85272,POINT (-73.85272 40.726524),5792.080189,8.664419413
399,68 St-Hunter College (6),Manhattan,40.768143,-73.96387,POINT (-73.96387 40.768143),18873.96323,9.845591626
455,69 St (7),Queens,40.746326,-73.8964,POINT (-73.8964 40.746326),4392.923863,8.387977925
41,"7 Av (B,Q)",Brooklyn,40.67705,-73.97237,POINT (-73.97237 40.67705),7446.334664,8.915611484
277,"7 Av (E,B,D)",Manhattan,40.762863,-73.981636,POINT (-73.981636 40.762863),13685.49994,9.52416522
240,"7 Av (F,G)",Brooklyn,40.66627,-73.98031,POINT (-73.98031 40.66627),8977.216316,9.102556513
64,71 St (D),Brooklyn,40.61959,-73.99886,POINT (-73.99886 40.61959),3459.854439,8.149270785
313,"72 St (1,2,3)",Manhattan,40.778454,-73.98197,POINT (-73.98197 40.778454),28415.36224,10.25472039
160,"72 St (C,B)",Manhattan,40.775593,-73.97641,POINT (-73.97641 40.775593),7349.744799,8.90255692
477,72 St (Q),Manhattan,40.7688,-73.95843,POINT (-73.95843 40.7688),22792.05836,10.03421131
616,"74-Broadway (7)/Jackson Hts-Roosevelt Av (E,F,M,R)",Queens,40.74685,-73.891335,POINT (-73.891335 40.74685),44612.17767,10.70578456
260,"75 Av (E,F)",Queens,40.71833,-73.837326,POINT (-73.837326 40.71833),2400.909712,7.784019413
85,"75 St-Elderts Ln (J,Z)",Queens,40.691322,-73.86714,POINT (-73.86714 40.691322),1501.979802,7.315204951
398,77 St (6),Manhattan,40.77362,-73.95988,POINT (-73.95988 40.77362),21158.28641,9.959834162
37,77 St (R),Brooklyn,40.62974,-74.02551,POINT (-74.02551 40.62974),4022.607583,8.299934188
312,79 St (1),Manhattan,40.783936,-73.97992,POINT (-73.97992 40.783936),10515.42979,9.260694055
65,79 St (D),Brooklyn,40.613503,-74.00061,POINT (-74.00061 40.613503),4432.119436,8.396858777
71,8 Av (N),Brooklyn,40.635063,-74.01172,POINT (-74.01172 40.635063),8028.686139,8.99090072
16,"8 St-NYU (R,W)",Manhattan,40.730328,-73.99263,POINT (-73.99263 40.730328),11818.37639,9.377495531
190,80 St (A),Queens,40.67937,-73.85899,POINT (-73.85899 40.67937),3027.787615,8.015917691
159,"81 St-Museum of Natural History (C,B)",Manhattan,40.781433,-73.972145,POINT (-73.972145 40.781433),10126.18777,9.222978945
453,82 St-Jackson Hts (7),Queens,40.747658,-73.8837,POINT (-73.8837 40.747658),7726.683478,8.952564417
84,85 St-Forest Pkwy (J),Queens,40.692436,-73.86001,POINT (-73.86001 40.692436),2705.137881,7.903277761
311,86 St (1),Manhattan,40.788643,-73.97622,POINT (-73.97622 40.788643),12503.78586,9.433866719
397,"86 St (4,5,6)",Manhattan,40.77949,-73.95559,POINT (-73.95559 40.77949),33786.99383,10.42786081
158,"86 St (C,B)",Manhattan,40.78587,-73.96892,POINT (-73.96892 40.78587),8421.418723,9.038652325
79,86 St (N),Brooklyn,40.59272,-73.97823,POINT (-73.97823 40.59272),1794.305697,7.492930591
476,86 St (Q),Manhattan,40.77789,-73.95179,POINT (-73.95179 40.77789),17675.33376,9.779981948
38,86 St (R),Brooklyn,40.62269,-74.0284,POINT (-74.0284 40.62269),8620.412131,9.062004171
191,88 St (A),Queens,40.679844,-73.85147,POINT (-73.85147 40.679844),1987.171807,7.594970805
59,9 Av (D),Brooklyn,40.646294,-73.99432,POINT (-73.99432 40.646294),3987.379415,8.291140266
452,90 St-Elmhurst Av (7),Queens,40.74841,-73.87661,POINT (-73.87661 40.74841),14200.0257,9.561069473
310,"96 St (1,2,3)",Manhattan,40.79392,-73.97232,POINT (-73.97232 40.79392),25178.07765,10.13376868
396,96 St (6),Manhattan,40.78567,-73.95107,POINT (-73.95107 40.78567),13185.80648,9.4869721
157,"96 St (C,B)",Manhattan,40.79164,-73.9647,POINT (-73.9647 40.79164),7289.854741,8.894376067
475,96 St (Q),Manhattan,40.784317,-73.94715,POINT (-73.94715 40.784317),12813.53876,9.458335646
91,Alabama Av (J),Brooklyn,40.67699,-73.89865,POINT (-73.89865 40.67699),1300.866715,7.171554448
423,"Allerton Av (2,5)",Bronx,40.865463,-73.867355,POINT (-73.867355 40.865463),2771.940977,7.927663761
196,Aqueduct Racetrack (A),Queens,40.672096,-73.83592,POINT (-73.83592 40.672096),520.4632317,6.256638767
197,Aqueduct-N Conduit Av (A),Queens,40.668236,-73.83406,POINT (-73.83406 40.668236),599.2941461,6.397419779
407,Astor Pl (6),Manhattan,40.730053,-73.99107,POINT (-73.99107 40.730053),11858.10988,9.380851618
2,"Astoria Blvd (N,W)",Queens,40.77026,-73.91785,POINT (-73.91785 40.77026),7942.654451,8.980128707
1,"Astoria-Ditmars Blvd (N,W)",Queens,40.775036,-73.91203,POINT (-73.91203 40.775036),11006.62192,9.306343213
133,Atlantic Av (L),Brooklyn,40.675346,-73.9031,POINT (-73.9031 40.675346),1310.704282,7.179082549
617,"Atlantic Av-Barclays Ctr (B,D,N,Q,R,2,3,4,5)",Brooklyn,40.68446,-73.97689,POINT (-73.97689 40.68446),31195.54669,10.34806268
48,Avenue H (Q),Brooklyn,40.62927,-73.96164,POINT (-73.96164 40.62927),2296.420416,7.739542214
246,Avenue I (F),Brooklyn,40.62532,-73.97613,POINT (-73.97613 40.62532),1316.716195,7.183655362
49,Avenue J (Q),Brooklyn,40.62504,-73.9608,POINT (-73.9608 40.62504),3910.300919,8.271625314
50,Avenue M (Q),Brooklyn,40.61762,-73.9594,POINT (-73.9594 40.61762),4057.600931,8.308593595
248,Avenue N (F),Brooklyn,40.61514,-73.9742,POINT (-73.9742 40.61514),2090.69261,7.645728878
249,Avenue P (F),Brooklyn,40.608944,-73.97302,POINT (-73.97302 40.608944),1863.310111,7.53064635
251,Avenue U (F),Brooklyn,40.59606,-73.97336,POINT (-73.97336 40.59606),1398.070392,7.243563289
78,Avenue U (N),Brooklyn,40.597473,-73.97913,POINT (-73.97913 40.597473),2787.658503,7.933315936
52,Avenue U (Q),Brooklyn,40.5993,-73.95593,POINT (-73.95593 40.5993),5073.417271,8.531966974
252,Avenue X (F),Brooklyn,40.58962,-73.97425,POINT (-73.97425 40.58962),1847.546444,7.522154903
70,Bay 50 St (D),Brooklyn,40.58884,-73.983765,POINT (-73.983765 40.58884),1906.832668,7.553723148
68,Bay Pkwy (D),Brooklyn,40.601875,-73.99373,POINT (-73.99373 40.601875),5435.647073,8.600917803
247,Bay Pkwy (F),Brooklyn,40.62077,-73.975266,POINT (-73.975266 40.62077),949.877298,6.85738503
76,Bay Pkwy (N),Brooklyn,40.611816,-73.98185,POINT (-73.98185 40.611816),5045.586115,8.526467277
36,Bay Ridge Av (R),Brooklyn,40.634968,-74.02338,POINT (-74.02338 40.634968),5780.660861,8.662446267
39,Bay Ridge-95 St (R),Brooklyn,40.616623,-74.030876,POINT (-74.030876 40.616623),4079.783019,8.314044165
443,Baychester Av (5),Bronx,40.878662,-73.83859,POINT (-73.83859 40.878662),1888.283986,7.543953193
202,"Beach 105 St (A,S)",Queens,40.58321,-73.82756,POINT (-73.82756 40.58321),194.1562046,5.273800287
208,Beach 25 St (A),Queens,40.600067,-73.76135,POINT (-73.76135 40.600067),1080.760402,6.986344995
207,Beach 36 St (A),Queens,40.595398,-73.76817,POINT (-73.76817 40.595398),562.601657,6.33434772
206,Beach 44 St (A),Queens,40.59294,-73.77602,POINT (-73.77602 40.59294),499.9344461,6.216475246
205,Beach 60 St (A),Queens,40.592373,-73.78852,POINT (-73.78852 40.592373),1155.225327,7.052915949
204,Beach 67 St (A),Queens,40.590927,-73.79692,POINT (-73.79692 40.590927),1529.5306,7.333369752
200,"Beach 90 St (A,S)",Queens,40.588036,-73.813644,POINT (-73.813644 40.588036),494.7743106,6.206120804
201,"Beach 98 St (A,S)",Queens,40.585308,-73.82056,POINT (-73.82056 40.585308),308.2864054,5.734267726
120,Bedford Av (L),Brooklyn,40.717304,-73.95687,POINT (-73.95687 40.717304),24743.20398,10.11634656
211,"Bedford Park Blvd (B,D)",Bronx,40.873245,-73.88714,POINT (-73.88714 40.873245),4265.993529,8.358664767
380,Bedford Park Blvd-Lehman College (4),Bronx,40.873413,-73.89006,POINT (-73.89006 40.873413),3683.697992,8.211943845
289,Bedford-Nostrand Avs (G),Brooklyn,40.68963,-73.95352,POINT (-73.95352 40.68963),6261.654028,8.74235934
339,"Bergen St (2,3)",Brooklyn,40.68083,-73.9751,POINT (-73.9751 40.68083),3323.814647,8.109169206
236,"Bergen St (F,G)",Brooklyn,40.686146,-73.99086,POINT (-73.99086 40.686146),8518.586176,9.050123048
45,Beverley Rd (Q),Brooklyn,40.64403,-73.96449,POINT (-73.96449 40.64403),2752.405479,7.920593781
357,"Beverly Rd (2,5)",Brooklyn,40.6451,-73.94896,POINT (-73.94896 40.6451),3159.675798,8.058541144
103,"Bowery (J,Z)",Manhattan,40.72028,-73.99391,POINT (-73.99391 40.72028),2452.769775,7.805380805
414,"Bowling Green (4,5)",Manhattan,40.70482,-74.01407,POINT (-74.01407 40.70482),17565.86333,9.773769641
258,"Briarwood (E,F)",Queens,40.70918,-73.82057,POINT (-73.82057 40.70918),3622.088292,8.195082061
55,"Brighton Beach (B,Q)",Brooklyn,40.57762,-73.96137,POINT (-73.96137 40.57762),8323.772375,9.026990972
199,"Broad Channel (A,S)",Queens,40.608383,-73.815926,POINT (-73.815926 40.608383),209.7937228,5.350880038
107,"Broad St (J,Z)",Manhattan,40.706474,-74.011055,POINT (-74.011055 40.706474),4415.804608,8.393171774
286,Broadway (G),Brooklyn,40.706093,-73.95031,POINT (-73.95031 40.706093),3289.410696,8.098767668
4,"Broadway (N,W)",Queens,40.76182,-73.92551,POINT (-73.92551 40.76182),9029.28447,9.108339149
621,"Broadway Junction (A,C,J,L,Z)",Brooklyn,40.678333,-73.90532,POINT (-73.90532 40.678333),5483.081096,8.609604828
619,"Broadway-Lafayette St (B,D,F,M)/Bleecker St (6)",Manhattan,40.725914,-73.99466,POINT (-73.99466 40.725914),28776.85414,10.26736142
425,"Bronx Park East (2,5)",Bronx,40.848827,-73.868454,POINT (-73.868454 40.848827),1506.366534,7.31811939
376,Brook Av (6),Bronx,40.807568,-73.91924,POINT (-73.91924 40.807568),3443.199262,8.144446722
622,"Brooklyn Bridge-City Hall (4,5,6)/Chambers St (J,Z)",Manhattan,40.71324,-74.0034,POINT (-74.0034 40.71324),20356.6253,9.921210828
609,"Bryant Pk (B,D,F,M)/5 Av (7)",Manhattan,40.754223,-73.981964,POINT (-73.981964 40.754223),39636.09138,10.58752061
361,Buhre Av (6),Bronx,40.84681,-73.832565,POINT (-73.832565 40.84681),2642.566219,7.879884125
422,"Burke Av (2,5)",Bronx,40.871357,-73.867165,POINT (-73.867165 40.871357),1720.819908,7.451137097
384,Burnside Av (4),Bronx,40.853455,-73.907684,POINT (-73.907684 40.853455),6012.663945,8.701789483
131,Bushwick Av-Aberdeen St (L),Brooklyn,40.68283,-73.90525,POINT (-73.90525 40.68283),1759.45785,7.473329196
325,Canal St (1),Manhattan,40.722855,-74.00628,POINT (-74.00628 40.722855),4035.300254,8.303083773
169,"Canal St (A,C,E)",Manhattan,40.720825,-74.005226,POINT (-74.005226 40.720825),13677.95023,9.523613451
623,"Canal St (J,N,Q,R,W,Z,6)",Manhattan,40.71953,-73.99989,POINT (-73.99989 40.71953),31553.21619,10.35946249
138,Canarsie-Rockaway Pkwy (L),Brooklyn,40.646652,-73.90185,POINT (-73.90185 40.646652),2112.861817,7.656271798
237,"Carroll St (F,G)",Brooklyn,40.6803,-73.99505,POINT (-73.99505 40.6803),8869.807632,9.090521123
365,Castle Hill Av (6),Bronx,40.834255,-73.85122,POINT (-73.85122 40.834255),3721.175194,8.222063506
308,Cathedral Pkwy (110 St) (1),Manhattan,40.803967,-73.96685,POINT (-73.96685 40.803967),8882.613994,9.091963734
155,"Cathedral Pkwy (110 St) (C,B)",Manhattan,40.800602,-73.95816,POINT (-73.95816 40.800602),5360.755987,8.58704681
114,Central Av (M),Brooklyn,40.697857,-73.9274,POINT (-73.9274 40.697857),2828.179971,7.947742186
441,"Central Park North (110 St) (2,3)",Manhattan,40.799076,-73.95182,POINT (-73.95182 40.799076),4913.069182,8.499857632
327,"Chambers St (1,2,3)",Manhattan,40.715477,-74.00927,POINT (-74.00927 40.715477),13909.51935,9.540400621
624,"Chambers St (A,C)/WTC (E)/Park Pl (2,3)/Cortlandt (R,W)",Manhattan,40.71411,-74.00858,POINT (-74.00858 40.71411),45015.99571,10.71479538
93,"Chauncey St (J,Z)",Brooklyn,40.68289,-73.91045,POINT (-73.91045 40.68289),1906.691461,7.553649131
323,Christopher St-Sheridan Sq (1),Manhattan,40.73342,-74.00291,POINT (-74.00291 40.73342),8312.340953,9.025616847
356,"Church Av (2,5)",Brooklyn,40.650845,-73.94958,POINT (-73.94958 40.650845),6251.356797,8.740713759
44,"Church Av (B,Q)",Brooklyn,40.650528,-73.96298,POINT (-73.96298 40.650528),10076.11865,9.218022653
243,"Church Av (F,G)",Brooklyn,40.64404,-73.979675,POINT (-73.979675 40.64404),6645.110547,8.801787082
20,"City Hall (R,W)",Manhattan,40.713284,-74.00698,POINT (-74.00698 40.713284),4121.245948,8.324153427
334,"Clark St (2,3)",Brooklyn,40.697468,-73.99309,POINT (-73.99309 40.697468),4925.591618,8.502402673
290,Classon Av (G),Brooklyn,40.688873,-73.96007,POINT (-73.96007 40.688873),4016.483007,8.298410868
89,Cleveland St (J),Brooklyn,40.679947,-73.884636,POINT (-73.884636 40.679947),1388.30491,7.236558837
177,Clinton-Washington Avs (C),Brooklyn,40.68326,-73.965836,POINT (-73.965836 40.68326),5434.62367,8.600729544
291,Clinton-Washington Avs (G),Brooklyn,40.688087,-73.96684,POINT (-73.96684 40.688087),3930.457184,8.276765421
58,"Coney Island-Stillwell Av (D,F,N,Q)",Brooklyn,40.577423,-73.98123,POINT (-73.98123 40.577423),9972.860426,9.207722992
46,Cortelyou Rd (Q),Brooklyn,40.640926,-73.96389,POINT (-73.96389 40.640926),4235.578374,8.351511235
606,"Court Sq (E,G,M,7)",Queens,40.747845,-73.94383,POINT (-73.94383 40.747845),18883.9059,9.846118252
620,"Court St (R)/Borough Hall (2,3,4,5)",Brooklyn,40.69322,-73.99,POINT (-73.99 40.69322),22325.47859,10.01352863
87,"Crescent St (J,Z)",Brooklyn,40.683193,-73.87379,POINT (-73.87379 40.683193),2326.403181,7.75250841
345,"Crown Hts-Utica Av (3,4)",Brooklyn,40.668896,-73.932945,POINT (-73.932945 40.668896),16975.37996,9.739578243
375,Cypress Av (6),Bronx,40.805367,-73.91404,POINT (-73.91404 40.805367),1833.398283,7.514471795
86,Cypress Hills (J),Brooklyn,40.68994,-73.87255,POINT (-73.87255 40.68994),1018.869436,6.927429895
26,"DeKalb Av (B,Q,R)",Brooklyn,40.690636,-73.98183,POINT (-73.98183 40.690636),15352.07039,9.639070759
127,DeKalb Av (L),Brooklyn,40.70381,-73.91843,POINT (-73.91843 40.70381),8873.35456,9.090920886
625,"Delancey St (F)/Essex St (J,M,Z)",Manhattan,40.718613,-73.987434,POINT (-73.987434 40.718613),20860.25091,9.945648694
244,Ditmas Av (F),Brooklyn,40.63612,-73.97817,POINT (-73.97817 40.63612),2993.049831,8.004382208
299,Dyckman St (1),Manhattan,40.86053,-73.92554,POINT (-73.92554 40.86053),4658.865445,8.446741852
144,Dyckman St (A),Manhattan,40.86549,-73.92727,POINT (-73.92727 40.86549),4287.628991,8.363722378
374,E 143 St-St Mary's St (6),Bronx,40.80872,-73.90765,POINT (-73.90765 40.80872),930.4300919,6.836721138
373,E 149 St (6),Bronx,40.81212,-73.9041,POINT (-73.9041 40.81212),3062.890239,8.027440708
426,"E 180 St (2,5)",Bronx,40.841892,-73.87349,POINT (-73.87349 40.841892),5687.194364,8.646148142
137,East 105 St (L),Brooklyn,40.650574,-73.89948,POINT (-73.89948 40.650574),2036.415336,7.619437291
234,East Broadway (F),Manhattan,40.713715,-73.99017,POINT (-73.99017 40.713715),10936.61345,9.299962903
442,Eastchester-Dyre Av (5),Bronx,40.8883,-73.83083,POINT (-73.83083 40.8883),2699.211962,7.901085553
341,"Eastern Pkwy-Brooklyn Museum (2,3)",Brooklyn,40.671986,-73.96438,POINT (-73.96438 40.671986),3380.917755,8.126198211
369,Elder Av (6),Bronx,40.828583,-73.87916,POINT (-73.87916 40.828583),3694.769533,8.214944075
266,"Elmhurst Av (M,R)",Queens,40.742455,-73.88202,POINT (-73.88202 40.742455),8889.776306,9.092769648
188,"Euclid Av (A,C)",Brooklyn,40.675377,-73.87211,POINT (-73.87211 40.675377),7029.331035,8.857989073
209,Far Rockaway-Mott Av (A),Queens,40.603996,-73.7554,POINT (-73.7554 40.603996),3065.57402,8.028316263
359,"Flatbush Av-Brooklyn College (2,5)",Brooklyn,40.632835,-73.94764,POINT (-73.94764 40.632835),13072.46825,9.478340131
287,Flushing Av (G),Brooklyn,40.70038,-73.95023,POINT (-73.95023 40.70038),2241.859035,7.715506686
98,"Flushing Av (M,J)",Brooklyn,40.70026,-73.941124,POINT (-73.941124 40.70026),5355.548016,8.58607502
447,Flushing-Main St (7),Queens,40.7596,-73.83003,POINT (-73.83003 40.7596),44700.40627,10.70776024
382,Fordham Rd (4),Bronx,40.862804,-73.90103,POINT (-73.90103 40.862804),6240.195573,8.738927041
213,"Fordham Rd (B,D)",Bronx,40.861298,-73.89775,POINT (-73.89775 40.861298),6138.099238,8.722433306
110,Forest Av (M),Queens,40.704422,-73.903076,POINT (-73.903076 40.704422),3251.764937,8.087260664
261,"Forest Hills-71 Av (E,F,M,R)",Queens,40.72169,-73.84452,POINT (-73.84452 40.72169),19062.96414,9.855555138
60,Fort Hamilton Pkwy (D),Brooklyn,40.640915,-73.9943,POINT (-73.9943 40.640915),2930.160256,7.983153616
242,"Fort Hamilton Pkwy (F,G)",Brooklyn,40.650784,-73.97578,POINT (-73.97578 40.650784),4403.413643,8.390362418
72,Fort Hamilton Pkwy (N),Brooklyn,40.631386,-74.00535,POINT (-74.00535 40.631386),4945.477927,8.506431072
626,"Franklin Av (2,3,4,5)/Botanic Garden (S)",Brooklyn,40.67068,-73.95813,POINT (-73.95813 40.67068),10738.78078,9.281709956
627,"Franklin Av (C,S)",Brooklyn,40.68138,-73.95685,POINT (-73.95685 40.68138),3908.192368,8.271086076
326,Franklin St (1),Manhattan,40.71932,-74.00689,POINT (-74.00689 40.71932),4729.817066,8.461853208
429,"Freeman St (2,5)",Bronx,40.829994,-73.89187,POINT (-73.89187 40.829994),2699.229136,7.901091914
109,Fresh Pond Rd (M),Queens,40.706184,-73.895874,POINT (-73.895874 40.706184),4201.165336,8.343355228
628,"Fulton St (A,C,J,Z,2,3,4,5)",Manhattan,40.71037,-74.00657,POINT (-74.00657 40.71037),63320.64653,11.05598252
292,Fulton St (G),Brooklyn,40.68712,-73.97537,POINT (-73.97537 40.68712),4529.588292,8.418607076
95,"Gates Av (J,Z)",Brooklyn,40.68963,-73.92227,POINT (-73.92227 40.68963),4668.944485,8.448902463
122,Graham Av (L),Brooklyn,40.714565,-73.94405,POINT (-73.94405 40.714565),7105.981313,8.868832864
340,"Grand Army Plaza (2,3)",Brooklyn,40.675236,-73.97105,POINT (-73.97105 40.675236),5363.439042,8.587547091
265,"Grand Av-Newtown (M,R)",Queens,40.737015,-73.87722,POINT (-73.87722 40.737015),12980.76929,9.47130129
610,"Grand Central-42 St (S,4,5,6,7)",Manhattan,40.751778,-73.976845,POINT (-73.976845 40.751778),112565.4931,11.63129938
231,"Grand St (B,D)",Manhattan,40.718266,-73.99375,POINT (-73.99375 40.718266),17382.24178,9.763261905
123,Grand St (L),Brooklyn,40.711926,-73.94067,POINT (-73.94067 40.711926),4937.275822,8.504771525
189,Grant Av (A),Brooklyn,40.677044,-73.86505,POINT (-73.86505 40.677044),3866.183358,8.260281706
283,Greenpoint Av (G),Brooklyn,40.731354,-73.95445,POINT (-73.95445 40.731354),7495.129898,8.922142153
421,"Gun Hill Rd (2,5)",Bronx,40.87785,-73.86626,POINT (-73.86626 40.87785),4025.566219,8.300669237
444,Gun Hill Rd (5),Bronx,40.869526,-73.84638,POINT (-73.84638 40.869526),3085.45156,8.034777348
94,Halsey St (J),Brooklyn,40.68637,-73.91656,POINT (-73.91656 40.68637),3911.404088,8.27190732
129,Halsey St (L),Queens,40.695602,-73.90408,POINT (-73.90408 40.695602),5460.994255,8.60556925
436,Harlem-148 St (3),Manhattan,40.82388,-73.93647,POINT (-73.93647 40.82388),2240.882862,7.715071355
100,"Hewes St (M,J)",Brooklyn,40.70687,-73.95343,POINT (-73.95343 40.70687),1945.423803,7.57374902
173,"High St (A,C)",Brooklyn,40.699337,-73.99053,POINT (-73.99053 40.699337),6920.523403,8.842391169
324,Houston St (1),Manhattan,40.728252,-74.00536,POINT (-74.00536 40.728252),10404.56422,9.250095964
198,Howard Beach-JFK Airport (A),Queens,40.660477,-73.8303,POINT (-73.8303 40.660477),2313.723694,7.747045605
336,"Hoyt St (2,3)",Brooklyn,40.690544,-73.98506,POINT (-73.98506 40.690544),5683.629052,8.645521154
175,"Hoyt-Schermerhorn Sts (A,C,G)",Brooklyn,40.688484,-73.985,POINT (-73.985 40.688484),8667.331217,9.067431573
463,Hunters Point Av (7),Queens,40.742214,-73.94891,POINT (-73.94891 40.742214),4007.243166,8.296108311
371,Hunts Point Av (6),Bronx,40.82095,-73.89055,POINT (-73.89055 40.82095),6638.904209,8.800852816
431,"Intervale Av (2,5)",Bronx,40.82218,-73.896736,POINT (-73.896736 40.82218),1852.235426,7.524688269
143,Inwood-207 St (A),Manhattan,40.868073,-73.9199,POINT (-73.9199 40.868073),5839.652092,8.672597729
433,"Jackson Av (2,5)",Bronx,40.81649,-73.90781,POINT (-73.90781 40.81649),3122.304124,8.046646735
278,"Jamaica Center-Parsons/Archer (E,J,Z)",Queens,40.70215,-73.80111,POINT (-73.80111 40.70215),21249.52044,9.964136665
254,Jamaica-179 St (F),Queens,40.712646,-73.78381,POINT (-73.78381 40.712646),14015.57668,9.547995957
280,Jamaica-Van Wyck (E),Queens,40.702564,-73.81686,POINT (-73.81686 40.702564),3365.09688,8.121509156
636,"Jay St-MetroTech (A,C,F,R)",Brooklyn,40.692337,-73.98594,POINT (-73.98594 40.692337),27337.58841,10.21605448
126,Jefferson St (L),Brooklyn,40.706608,-73.92291,POINT (-73.92291 40.706608),6129.923137,8.721100611
451,Junction Blvd (7),Queens,40.749146,-73.86953,POINT (-73.86953 40.749146),19820.26203,9.894510481
349,Junius St (3),Brooklyn,40.663513,-73.90245,POINT (-73.90245 40.663513),1625.164006,7.39397915
259,"Kew Gardens-Union Tpke (E,F)",Queens,40.71444,-73.83101,POINT (-73.83101 40.71444),17000.72466,9.741070069
51,"Kings Hwy (B,Q)",Brooklyn,40.60867,-73.95773,POINT (-73.95773 40.60867),14519.16691,9.583293783
250,Kings Hwy (F),Brooklyn,40.603218,-73.97236,POINT (-73.97236 40.603218),2588.819485,7.859343455
77,Kings Hwy (N),Brooklyn,40.603924,-73.980354,POINT (-73.980354 40.603924),4077.813075,8.313561312
381,Kingsbridge Rd (4),Bronx,40.86776,-73.89717,POINT (-73.89717 40.86776),5749.886551,8.657109305
212,"Kingsbridge Rd (B,D)",Bronx,40.866978,-73.89351,POINT (-73.89351 40.866978),4024.570936,8.300422027
344,Kingston Av (3),Brooklyn,40.6694,-73.94216,POINT (-73.94216 40.6694),3181.817489,8.065522086
180,Kingston-Throop Avs (C),Brooklyn,40.67992,-73.94086,POINT (-73.94086 40.67992),4734.070513,8.462751897
113,Knickerbocker Av (M),Brooklyn,40.698666,-73.91971,POINT (-73.91971 40.698666),2889.460752,7.969171198
96,Kosciuszko St (J),Brooklyn,40.69334,-73.92882,POINT (-73.92882 40.69334),3923.294388,8.27494184
176,Lafayette Av (C),Brooklyn,40.68611,-73.973946,POINT (-73.973946 40.68611),3960.780479,8.284448819
613,"Lexington Av (N,R,W)/59 St (4,5,6)",Manhattan,40.76266,-73.967255,POINT (-73.967255 40.76266),39358.41509,10.58049049
612,"Lexington Av-53 St (E,M)/51 St (6)",Manhattan,40.757553,-73.969055,POINT (-73.969055 40.757553),42574.4336,10.65903269
223,"Lexington Av/63 St (F,Q)",Manhattan,40.76463,-73.96611,POINT (-73.96611 40.76463),12368.14871,9.422960644
185,Liberty Av (C),Brooklyn,40.67454,-73.896545,POINT (-73.896545 40.67454),1682.952165,7.428898789
135,Livonia Av (L),Brooklyn,40.66404,-73.90057,POINT (-73.90057 40.66404),1937.17979,7.569504559
372,Longwood Av (6),Bronx,40.816105,-73.89644,POINT (-73.89644 40.816105),2259.832305,7.723488301
629,Lorimer St (L)/Metropolitan Av (G),Brooklyn,40.71406,-73.95027,POINT (-73.95027 40.71406),11482.82747,9.348695017
99,"Lorimer St (M,J)",Brooklyn,40.70387,-73.94741,POINT (-73.94741 40.70387),2869.982765,7.962409677
296,Marble Hill-225 St (1),Manhattan,40.87456,-73.90983,POINT (-73.90983 40.87456),3371.797896,8.123497915
101,"Marcy Av (M,J,Z)",Brooklyn,40.70836,-73.957756,POINT (-73.957756 40.70836),9079.049468,9.11383492
448,Mets-Willets Point (7),Queens,40.754623,-73.84563,POINT (-73.84563 40.754623),4962.468795,8.509860129
108,Middle Village-Metropolitan Av (M),Queens,40.711395,-73.8896,POINT (-73.8896 40.711395),2986.81882,8.002298908
362,Middletown Rd (6),Bronx,40.843864,-73.83632,POINT (-73.83632 40.843864),1505.461841,7.317519029
124,Montrose Av (L),Brooklyn,40.70774,-73.93985,POINT (-73.93985 40.70774),5071.414429,8.531572202
125,Morgan Av (L),Brooklyn,40.706154,-73.93314,POINT (-73.93314 40.706154),5248.069424,8.565806087
446,Morris Park (5),Bronx,40.854362,-73.8605,POINT (-73.8605 40.854362),1864.098331,7.531069055
368,Morrison Av-Soundview (6),Bronx,40.82952,-73.87452,POINT (-73.87452 40.82952),3705.94261,8.217962722
379,Mosholu Pkwy (4),Bronx,40.87975,-73.88466,POINT (-73.88466 40.87975),5111.977746,8.539537243
386,Mt Eden Av (4),Bronx,40.844433,-73.91469,POINT (-73.91469 40.844433),3081.630201,8.033538473
97,"Myrtle Av (M,J,Z)",Brooklyn,40.69721,-73.93565,POINT (-73.93565 40.69721),8614.009676,9.061261272
288,Myrtle-Willoughby Avs (G),Brooklyn,40.69457,-73.94904,POINT (-73.94904 40.69457),3746.301524,8.228791266
630,"Myrtle-Wyckoff Avs (L,M)",Brooklyn,40.699814,-73.91158,POINT (-73.91158 40.699814),15786.93953,9.667001606
284,Nassau Av (G),Brooklyn,40.724636,-73.95128,POINT (-73.95128 40.724636),6954.974233,8.847356171
53,Neck Rd (Q),Brooklyn,40.595245,-73.95516,POINT (-73.95516 40.595245),3245.563558,8.085352349
253,Neptune Av (F),Brooklyn,40.581013,-73.97457,POINT (-73.97457 40.581013),1180.052612,7.074161364
417,"Nereid Av (2,5)",Bronx,40.89838,-73.85438,POINT (-73.85438 40.89838),1891.40566,7.545604135
337,"Nevins St (2,3,4,5)",Brooklyn,40.688248,-73.98049,POINT (-73.98049 40.688248),7209.72061,8.883324171
352,New Lots Av (3),Brooklyn,40.666237,-73.88408,POINT (-73.88408 40.666237),3646.56888,8.201816164
136,New Lots Av (L),Brooklyn,40.658733,-73.89923,POINT (-73.89923 40.658733),2384.396831,7.777120776
615,New Utrecht Av (N)/62 St (D),Brooklyn,40.626472,-73.99635,POINT (-73.99635 40.626472),3751.465409,8.230168345
358,"Newkirk Av-Little Haiti (2,5)",Brooklyn,40.63997,-73.94841,POINT (-73.94841 40.63997),4822.976234,8.481353812
47,"Newkirk Plaza (B,Q)",Brooklyn,40.635082,-73.96279,POINT (-73.96279 40.635082),7258.503024,8.890066651
269,"Northern Blvd (M,R)",Queens,40.752884,-73.906006,POINT (-73.906006 40.752884),4790.307511,8.47455862
88,"Norwood Av (J,Z)",Brooklyn,40.68141,-73.880035,POINT (-73.880035 40.68141),1548.587143,7.345743815
210,Norwood-205 St (D),Bronx,40.87481,-73.87885,POINT (-73.87885 40.87481),4387.130685,8.386658603
343,Nostrand Av (3),Brooklyn,40.669846,-73.95046,POINT (-73.95046 40.669846),2555.378628,7.846346938
179,"Nostrand Av (A,C)",Brooklyn,40.68044,-73.950424,POINT (-73.950424 40.68044),12318.265,9.418919576
56,Ocean Pkwy (Q),Brooklyn,40.576313,-73.9685,POINT (-73.9685 40.576313),2278.678882,7.731789871
195,Ozone Park-Lefferts Blvd (A),Queens,40.68595,-73.8258,POINT (-73.8258 40.68595),4610.596093,8.4363293
141,Park Pl (S),Brooklyn,40.67477,-73.95763,POINT (-73.95763 40.67477),1146.151851,7.045037498
366,Parkchester (6),Bronx,40.833225,-73.86082,POINT (-73.86082 40.833225),10015.43487,9.21198251
43,Parkside Av (Q),Brooklyn,40.655293,-73.961494,POINT (-73.961494 40.655293),4463.658563,8.403948021
256,Parsons Blvd (F),Queens,40.707565,-73.80333,POINT (-73.80333 40.707565),5091.986091,8.535619596
360,Pelham Bay Park (6),Bronx,40.852463,-73.82812,POINT (-73.82812 40.852463),4094.668118,8.317685138
424,"Pelham Pkwy (2,5)",Bronx,40.857193,-73.867615,POINT (-73.867615 40.857193),5333.610728,8.581971195
445,Pelham Pkwy (5),Bronx,40.858986,-73.85536,POINT (-73.85536 40.858986),2093.033503,7.646847391
350,Pennsylvania Av (3),Brooklyn,40.664635,-73.8949,POINT (-73.8949 40.664635),2721.089381,7.909155019
353,"President St-Medgar Evers College (2,5)",Brooklyn,40.667885,-73.95068,POINT (-73.95068 40.667885),2549.272799,7.843955612
17,"Prince St (R,W)",Manhattan,40.72433,-73.9977,POINT (-73.9977 40.72433),8492.151367,9.047015396
432,"Prospect Av (2,5)",Bronx,40.819584,-73.90177,POINT (-73.90177 40.819584),4109.270138,8.321244032
30,Prospect Av (R),Brooklyn,40.665413,-73.992874,POINT (-73.992874 40.665413),4406.090167,8.390969925
42,"Prospect Park (B,Q,S)",Brooklyn,40.661613,-73.96225,POINT (-73.96225 40.661613),6856.920295,8.833159511
273,"Queens Plaza (E,M,R)",Queens,40.748974,-73.93724,POINT (-73.93724 40.748974),13098.53985,9.480332383
461,"Queensboro Plaza (7,N,W)",Queens,40.750584,-73.9402,POINT (-73.9402 40.750584),10573.88238,9.266236881
182,Ralph Av (C),Brooklyn,40.67882,-73.920784,POINT (-73.920784 40.67882),3429.85075,8.140563541
329,Rector St (1),Manhattan,40.70751,-74.01379,POINT (-74.01379 40.70751),5365.829826,8.587992664
22,"Rector St (R,W)",Manhattan,40.70722,-74.01334,POINT (-74.01334 40.70722),4028.109095,8.301300562
348,Rockaway Av (3),Brooklyn,40.662548,-73.90894,POINT (-73.90894 40.662548),2940.906023,7.986812957
183,Rockaway Av (C),Brooklyn,40.67834,-73.91195,POINT (-73.91195 40.67834),3677.054366,8.210139187
192,Rockaway Blvd (A),Queens,40.680428,-73.84386,POINT (-73.84386 40.680428),5091.325169,8.535489817
203,"Rockaway Park-Beach 116 St (A,S)",Queens,40.580902,-73.835594,POINT (-73.835594 40.580902),504.8189405,6.22617878
222,Roosevelt Island (F),Manhattan,40.759144,-73.95326,POINT (-73.95326 40.759144),5416.318699,8.597356267
347,Saratoga Av (3),Brooklyn,40.661453,-73.91633,POINT (-73.91633 40.661453),3154.713836,8.056970005
111,Seneca Av (M),Queens,40.702763,-73.90774,POINT (-73.90774 40.702763),2105.812893,7.652931607
54,"Sheepshead Bay (B,Q)",Brooklyn,40.586895,-73.954155,POINT (-73.954155 40.586895),9700.038945,9.179988267
187,Shepherd Av (C),Brooklyn,40.67413,-73.88075,POINT (-73.88075 40.67413),1829.998065,7.512616488
430,"Simpson St (2,5)",Bronx,40.824074,-73.89307,POINT (-73.89307 40.824074),4497.658261,8.411534467
238,"Smith-9 Sts (F,G)",Brooklyn,40.67358,-73.99596,POINT (-73.99596 40.67358),3113.835752,8.043931702
635,"South Ferry (1)/Whitehall St (R,W)",Manhattan,40.703087,-74.01299,POINT (-74.01299 40.703087),20708.2725,9.938336826
409,Spring St (6),Manhattan,40.7223,-73.99714,POINT (-73.99714 40.7223),8547.047472,9.05345817
168,"Spring St (C,E)",Manhattan,40.726227,-74.00374,POINT (-74.00374 40.726227),10598.88238,9.268598184
501,St George (SIR),Staten Island,40.64375,-74.07365,POINT (-74.07365 40.64375),7165.520501,8.87717553
367,St Lawrence Av (6),Bronx,40.83151,-73.867615,POINT (-73.867615 40.83151),2473.508406,7.813797031
271,"Steinway St (M,R)",Queens,40.756878,-73.92074,POINT (-73.92074 40.756878),8784.150943,9.080818182
354,"Sterling St (2,5)",Brooklyn,40.662743,-73.95085,POINT (-73.95085 40.662743),4067.635704,8.311063014
257,Sutphin Blvd (F),Queens,40.70546,-73.81071,POINT (-73.81071 40.70546),2987.223029,8.002434185
279,"Sutphin Blvd-Archer Av-JFK Airport (E,J,Z)",Queens,40.700485,-73.80797,POINT (-73.80797 40.700485),20143.23561,9.910673452
134,Sutter Av (L),Brooklyn,40.66937,-73.90198,POINT (-73.90198 40.66937),1726.838353,7.454626399
346,Sutter Av-Rutland Rd (3),Brooklyn,40.66472,-73.92261,POINT (-73.92261 40.66472),4210.435414,8.345558822
611,"Times Sq-42 St (N,Q,R,W,S,1,2,3,7)/42 St (A,C,E)",Manhattan,40.75731,-73.986755,POINT (-73.986755 40.75731),140864.1038,11.855558
502,Tompkinsville (SIR),Staten Island,40.636948,-74.07484,POINT (-74.07484 40.636948),465.4226536,6.145092205
215,"Tremont Av (B,D)",Bronx,40.85041,-73.90523,POINT (-73.90523 40.85041),4451.407716,8.401200289
28,Union St (R),Brooklyn,40.677315,-73.98311,POINT (-73.98311 40.677315),5532.907112,8.618649375
181,"Utica Av (A,C)",Brooklyn,40.679363,-73.93073,POINT (-73.93073 40.679363),9306.330672,9.138557613
293,Van Cortlandt Park-242 St (1),Bronx,40.889248,-73.89858,POINT (-73.89858 40.889248),4830.149734,8.482839758
351,Van Siclen Av (3),Brooklyn,40.665447,-73.8894,POINT (-73.8894 40.665447),1624.314344,7.393456519
186,Van Siclen Av (C),Brooklyn,40.67271,-73.89036,POINT (-73.89036 40.67271),1788.456338,7.489667131
90,"Van Siclen Av (J,Z)",Brooklyn,40.678024,-73.891685,POINT (-73.891685 40.678024),1702.305273,7.440325921
464,Vernon Blvd-Jackson Av (7),Queens,40.742626,-73.95358,POINT (-73.95358 40.742626),12553.25568,9.437814985
167,"W 4 St-Wash Sq (A,C,E,B,D,F,M)",Manhattan,40.732338,-74.000496,POINT (-74.000496 40.732338),31019.42864,10.34240125
57,"W 8 St-NY Aquarium (F,Q)",Brooklyn,40.576126,-73.97594,POINT (-73.97594 40.576126),1853.903302,7.525587845
328,WTC Cortlandt (1),Manhattan,40.711834,-74.01219,POINT (-74.01219 40.711834),11500.40614,9.35022458
416,Wakefield-241 St (2),Bronx,40.903126,-73.85062,POINT (-73.85062 40.903126),2810.395743,7.941436345
333,"Wall St (2,3)",Manhattan,40.70682,-74.0091,POINT (-74.0091 40.70682),14290.07741,9.567390664
413,"Wall St (4,5)",Manhattan,40.707558,-74.01186,POINT (-74.01186 40.707558),12426.29082,9.427650206
427,"West Farms Sq-E Tremont Av (2,5)",Bronx,40.840294,-73.88005,POINT (-73.88005 40.840294),3228.187954,8.079985977
363,Westchester Sq-E Tremont Av (6),Bronx,40.839893,-73.84295,POINT (-73.84295 40.839893),2566.653362,7.850747672
370,Whitlock Av (6),Bronx,40.826527,-73.886284,POINT (-73.886284 40.826527),1227.233007,7.113331836
130,Wilson Av (L),Brooklyn,40.688763,-73.904045,POINT (-73.904045 40.688763),3053.686925,8.024432387
355,"Winthrop St (2,5)",Brooklyn,40.65665,-73.9502,POINT (-73.9502 40.65665),5575.986393,8.626403837
83,"Woodhaven Blvd (J,Z)",Queens,40.69388,-73.85158,POINT (-73.85158 40.69388),1969.657837,7.586122694
264,"Woodhaven Blvd (M,R)",Queens,40.733105,-73.86923,POINT (-73.86923 40.733105),13554.8984,9.514577038
378,Woodlawn (4),Bronx,40.886036,-73.87875,POINT (-73.87875 40.886036),4368.079584,8.382307644
235,York St (F),Brooklyn,40.701397,-73.98675,POINT (-73.98675 40.701397),10216.07807,9.23181592
364,Zerega Av (6),Bronx,40.836487,-73.84704,POINT (-73.84704 40.836487),1713.303761,7.446762307
