station_complex,station_complex_id,borough,latitude,longitude,geometry,year,annual_weekday_avg_ridership,log_ridership
1 Av (L),119,Manhattan,40.730953,-73.98163,POINT (-73.98163 40.730953),2023,17737.40385,9.783487277
1 Av (L),119,Manhattan,40.730953,-73.98163,POINT (-73.98163 40.730953),2024,19066.11321,9.855720308
103 St (1),309,Manhattan,40.799446,-73.968376,POINT (-73.968376 40.799446),2023,8938.455128,9.098229919
103 St (1),309,Manhattan,40.799446,-73.968376,POINT (-73.968376 40.799446),2024,8812.767296,9.084070243
103 St (6),395,Manhattan,40.7906,-73.94748,POINT (-73.94748 40.7906),2023,8700.99359,9.071307427
103 St (6),395,Manhattan,40.7906,-73.94748,POINT (-73.94748 40.7906),2024,8260.830189,9.019401414
"103 St (C,B)",156,Manhattan,40.796093,-73.96146,POINT (-73.96146 40.796093),2023,3259.147436,8.089527699
"103 St (C,B)",156,Manhattan,40.796093,-73.96146,POINT (-73.96146 40.796093),2024,3295.534591,8.100627072
103 St-Corona Plaza (7),450,Queens,40.749866,-73.8627,POINT (-73.8627 40.749866),2023,20324.62179,9.919637527
103 St-Corona Plaza (7),450,Queens,40.749866,-73.8627,POINT (-73.8627 40.749866),2024,19548.33333,9.880696464
104 St (A),193,Queens,40.68171,-73.837685,POINT (-73.837685 40.68171),2023,1282.775641,7.157560735
104 St (A),193,Queens,40.68171,-73.837685,POINT (-73.837685 40.68171),2024,1255.433962,7.136032799
"104 St (J,Z)",82,Queens,40.69518,-73.84433,POINT (-73.84433 40.69518),2023,2128.519231,7.66365152
"104 St (J,Z)",82,Queens,40.69518,-73.84433,POINT (-73.84433 40.69518),2024,2102.333333,7.651278667
110 St (6),394,Manhattan,40.79502,-73.94425,POINT (-73.94425 40.79502),2023,6831.371795,8.829427154
110 St (6),394,Manhattan,40.79502,-73.94425,POINT (-73.94425 40.79502),2024,6633.113208,8.799980284
111 St (7),449,Queens,40.75173,-73.85533,POINT (-73.85533 40.75173),2023,6310.25,8.750089034
111 St (7),449,Queens,40.75173,-73.85533,POINT (-73.85533 40.75173),2024,6457.402516,8.773137278
111 St (A),194,Queens,40.68433,-73.83216,POINT (-73.83216 40.68433),2023,1658.371795,7.414194373
111 St (A),194,Queens,40.68433,-73.83216,POINT (-73.83216 40.68433),2024,1607.654088,7.383153138
111 St (J),81,Queens,40.69742,-73.83634,POINT (-73.83634 40.69742),2023,1637.384615,7.401466045
111 St (J),81,Queens,40.69742,-73.83634,POINT (-73.83634 40.69742),2024,1664.157233,7.417674832
"116 St (2,3)",440,Manhattan,40.802097,-73.94962,POINT (-73.94962 40.802097),2023,6323.807692,8.752234909
"116 St (2,3)",440,Manhattan,40.802097,-73.94962,POINT (-73.94962 40.802097),2024,6034.012579,8.705333218
116 St (6),393,Manhattan,40.79863,-73.94162,POINT (-73.94162 40.79863),2023,8910.583333,9.095107208
116 St (6),393,Manhattan,40.79863,-73.94162,POINT (-73.94162 40.79863),2024,8877.207547,9.091354963
"116 St (C,B)",154,Manhattan,40.805084,-73.95488,POINT (-73.95488 40.805084),2023,4670.942308,8.449330176
"116 St (C,B)",154,Manhattan,40.805084,-73.95488,POINT (-73.95488 40.805084),2024,4541.91195,8.421323484
116 St-Columbia University (1),307,Manhattan,40.80772,-73.96411,POINT (-73.96411 40.80772),2023,11333.9359,9.335644908
116 St-Columbia University (1),307,Manhattan,40.80772,-73.96411,POINT (-73.96411 40.80772),2024,10952.4717,9.301411735
"121 St (J,Z)",80,Queens,40.700493,-73.82829,POINT (-73.82829 40.700493),2023,1712.974359,7.446570139
"121 St (J,Z)",80,Queens,40.700493,-73.82829,POINT (-73.82829 40.700493),2024,1612.861635,7.386385117
125 St (1),306,Manhattan,40.815582,-73.958374,POINT (-73.958374 40.815582),2023,6399.166667,8.764079311
125 St (1),306,Manhattan,40.815582,-73.958374,POINT (-73.958374 40.815582),2024,6454.377358,8.772668761
"125 St (2,3)",439,Manhattan,40.807755,-73.945496,POINT (-73.945496 40.807755),2023,8378.602564,9.033555766
"125 St (2,3)",439,Manhattan,40.807755,-73.945496,POINT (-73.945496 40.807755),2024,9331.465409,9.141254504
"125 St (4,5,6)",392,Manhattan,40.80414,-73.93759,POINT (-73.93759 40.80414),2023,15936.5641,9.676434124
"125 St (4,5,6)",392,Manhattan,40.80414,-73.93759,POINT (-73.93759 40.80414),2024,17464.34591,9.767973963
"125 St (A,C,B,D)",153,Manhattan,40.811108,-73.95235,POINT (-73.95235 40.811108),2023,17839.90385,9.789249069
"125 St (A,C,B,D)",153,Manhattan,40.811108,-73.95235,POINT (-73.95235 40.811108),2024,18763.47799,9.839720893
"135 St (2,3)",438,Manhattan,40.814228,-73.94077,POINT (-73.94077 40.814228),2023,7163.99359,8.876962446
"135 St (2,3)",438,Manhattan,40.814228,-73.94077,POINT (-73.94077 40.814228),2024,7234.591195,8.886767349
"135 St (C,B)",152,Manhattan,40.817894,-73.94765,POINT (-73.94765 40.817894),2023,3699.019231,8.216093296
"135 St (C,B)",152,Manhattan,40.817894,-73.94765,POINT (-73.94765 40.817894),2024,3872.540881,8.261924324
137 St-City College (1),305,Manhattan,40.822006,-73.953674,POINT (-73.953674 40.822006),2023,8728.423077,9.074454562
137 St-City College (1),305,Manhattan,40.822006,-73.953674,POINT (-73.953674 40.822006),2024,8431.044025,9.039794492
"138 St-Grand Concourse (4,5)",391,Bronx,40.813225,-73.92985,POINT (-73.92985 40.813225),2023,2575.525641,7.85419712
"138 St-Grand Concourse (4,5)",391,Bronx,40.813225,-73.92985,POINT (-73.92985 40.813225),2024,2661.352201,7.886965297
"14 St (A,C,E)/8 Av (L)",618,Manhattan,40.740894,-74.00169,POINT (-74.00169 40.740894),2023,33997.17308,10.43406207
"14 St (A,C,E)/8 Av (L)",618,Manhattan,40.740894,-74.00169,POINT (-74.00169 40.740894),2024,35802.62264,10.48580436
"14 St (F,M,1,2,3)/6 Av (L)",601,Manhattan,40.738228,-73.99621,POINT (-73.99621 40.738228),2023,36498.19231,10.50504541
"14 St (F,M,1,2,3)/6 Av (L)",601,Manhattan,40.738228,-73.99621,POINT (-73.99621 40.738228),2024,32327.84906,10.38371527
"14 St-Union Sq (L,N,Q,R,W,4,5,6)",602,Manhattan,40.735737,-73.98995,POINT (-73.98995 40.735737),2023,67794.90385,11.12425706
"14 St-Union Sq (L,N,Q,R,W,4,5,6)",602,Manhattan,40.735737,-73.98995,POINT (-73.98995 40.735737),2024,70842.56604,11.16822943
145 St (1),304,Manhattan,40.82655,-73.95036,POINT (-73.95036 40.82655),2023,6516.442308,8.782237294
145 St (1),304,Manhattan,40.82655,-73.95036,POINT (-73.95036 40.82655),2024,6304.113208,8.749116203
145 St (3),437,Manhattan,40.82042,-73.93625,POINT (-73.93625 40.82042),2023,2014.878205,7.608810213
145 St (3),437,Manhattan,40.82042,-73.93625,POINT (-73.93625 40.82042),2024,1993.333333,7.598065105
"145 St (A,C,B,D)",151,Manhattan,40.824783,-73.944214,POINT (-73.944214 40.824783),2023,15322.83333,9.63716463
"145 St (A,C,B,D)",151,Manhattan,40.824783,-73.944214,POINT (-73.944214 40.824783),2024,15979.50314,9.679124705
"149 St-Grand Concourse (2,4,5)",603,Bronx,40.818375,-73.92735,POINT (-73.92735 40.818375),2023,7052.878205,8.861332845
"149 St-Grand Concourse (2,4,5)",603,Bronx,40.818375,-73.92735,POINT (-73.92735 40.818375),2024,6907.45283,8.840500989
"15 St-Prospect Park (F,G)",241,Brooklyn,40.660366,-73.97949,POINT (-73.97949 40.660366),2023,4475.224359,8.406535193
"15 St-Prospect Park (F,G)",241,Brooklyn,40.660366,-73.97949,POINT (-73.97949 40.660366),2024,4471.773585,8.405763984
"155 St (B,D)",220,Manhattan,40.830135,-73.93821,POINT (-73.93821 40.830135),2023,1948.378205,7.575265732
"155 St (B,D)",220,Manhattan,40.830135,-73.93821,POINT (-73.93821 40.830135),2024,1820.830189,7.507596873
155 St (C),150,Manhattan,40.830517,-73.94151,POINT (-73.94151 40.830517),2023,1671.679487,7.422182103
155 St (C),150,Manhattan,40.830517,-73.94151,POINT (-73.94151 40.830517),2024,1723.566038,7.452730725
157 St (1),303,Manhattan,40.83404,-73.94489,POINT (-73.94489 40.83404),2023,7203.878205,8.882513604
157 St (1),303,Manhattan,40.83404,-73.94489,POINT (-73.94489 40.83404),2024,6949.805031,8.846612764
"161 St-Yankee Stadium (B,D,4)",604,Bronx,40.827904,-73.92565,POINT (-73.92565 40.827904),2023,16554.88462,9.714496883
"161 St-Yankee Stadium (B,D,4)",604,Bronx,40.827904,-73.92565,POINT (-73.92565 40.827904),2024,18454.42138,9.823113448
163 St-Amsterdam Av (C),149,Manhattan,40.836014,-73.939896,POINT (-73.939896 40.836014),2023,2615.307692,7.869519325
163 St-Amsterdam Av (C),149,Manhattan,40.836014,-73.939896,POINT (-73.939896 40.836014),2024,2744.666667,7.91777919
167 St (4),388,Bronx,40.835537,-73.9214,POINT (-73.9214 40.835537),2023,5852.480769,8.674791767
167 St (4),388,Bronx,40.835537,-73.9214,POINT (-73.9214 40.835537),2024,5359.641509,8.586838931
"167 St (B,D)",218,Bronx,40.83377,-73.91844,POINT (-73.91844 40.83377),2023,5049.480769,8.52723872
"167 St (B,D)",218,Bronx,40.83377,-73.91844,POINT (-73.91844 40.83377),2024,4748.874214,8.465873415
"168 St (A,C,1)",605,Manhattan,40.840717,-73.93956,POINT (-73.93956 40.840717),2023,17055.02564,9.74425883
"168 St (A,C,1)",605,Manhattan,40.840717,-73.93956,POINT (-73.93956 40.840717),2024,17613.96226,9.776503949
169 St (F),255,Queens,40.71047,-73.7936,POINT (-73.7936 40.71047),2023,5424.487179,8.598862977
169 St (F),255,Queens,40.71047,-73.7936,POINT (-73.7936 40.71047),2024,5666.773585,8.642551654
170 St (4),387,Bronx,40.840076,-73.91779,POINT (-73.91779 40.840076),2023,4568.974359,8.427262873
170 St (4),387,Bronx,40.840076,-73.91779,POINT (-73.91779 40.840076),2024,4423.886792,8.394999973
"170 St (B,D)",217,Bronx,40.839306,-73.9134,POINT (-73.9134 40.839306),2023,3598.032051,8.188420214
"170 St (B,D)",217,Bronx,40.839306,-73.9134,POINT (-73.9134 40.839306),2024,3393.962264,8.130047925
"174 St (2,5)",428,Bronx,40.837288,-73.88773,POINT (-73.88773 40.837288),2023,3700.807692,8.216576545
"174 St (2,5)",428,Bronx,40.837288,-73.88773,POINT (-73.88773 40.837288),2024,3490.81761,8.158177685
"174-175 Sts (B,D)",216,Bronx,40.8459,-73.91013,POINT (-73.91013 40.8459),2023,2804.455128,7.939321061
"174-175 Sts (B,D)",216,Bronx,40.8459,-73.91013,POINT (-73.91013 40.8459),2024,2667.132075,7.889133909
175 St (A),147,Manhattan,40.84739,-73.939705,POINT (-73.939705 40.84739),2023,7440.50641,8.914828582
175 St (A),147,Manhattan,40.84739,-73.939705,POINT (-73.939705 40.84739),2024,7218.918239,8.884598908
176 St (4),385,Bronx,40.84848,-73.9118,POINT (-73.9118 40.84848),2023,3252.211538,8.087397953
176 St (4),385,Bronx,40.84848,-73.9118,POINT (-73.9118 40.84848),2024,3337.830189,8.113375782
18 Av (D),66,Brooklyn,40.607952,-74.00174,POINT (-74.00174 40.607952),2023,4325.25,8.372456395
18 Av (D),66,Brooklyn,40.607952,-74.00174,POINT (-74.00174 40.607952),2024,4385.515723,8.386290506
18 Av (F),245,Brooklyn,40.629753,-73.976974,POINT (-73.976974 40.629753),2023,2592.378205,7.860716631
18 Av (F),245,Brooklyn,40.629753,-73.976974,POINT (-73.976974 40.629753),2024,2491.63522,7.821095751
18 Av (N),74,Brooklyn,40.62067,-73.99042,POINT (-73.99042 40.62067),2023,3725.384615,8.223193771
18 Av (N),74,Brooklyn,40.62067,-73.99042,POINT (-73.99042 40.62067),2024,3596.849057,8.188091462
18 St (1),321,Manhattan,40.74104,-73.99787,POINT (-73.99787 40.74104),2023,5925.320513,8.687158813
18 St (1),321,Manhattan,40.74104,-73.99787,POINT (-73.99787 40.74104),2024,5823.930818,8.669902402
181 St (1),301,Manhattan,40.849506,-73.93359,POINT (-73.93359 40.849506),2023,7649.801282,8.942565664
181 St (1),301,Manhattan,40.849506,-73.93359,POINT (-73.93359 40.849506),2024,7139.830189,8.873584321
181 St (A),146,Manhattan,40.851696,-73.937965,POINT (-73.937965 40.851696),2023,5867.532051,8.677359805
181 St (A),146,Manhattan,40.851696,-73.937965,POINT (-73.937965 40.851696),2024,6490.735849,8.778285239
"182-183 Sts (B,D)",214,Bronx,40.856094,-73.90074,POINT (-73.90074 40.856094),2023,2921.916667,7.980337255
"182-183 Sts (B,D)",214,Bronx,40.856094,-73.90074,POINT (-73.90074 40.856094),2024,2820.654088,7.945078548
183 St (4),383,Bronx,40.858406,-73.90388,POINT (-73.90388 40.858406),2023,3619.679487,8.194416991
183 St (4),383,Bronx,40.858406,-73.90388,POINT (-73.90388 40.858406),2024,3331.308176,8.111420489
190 St (A),145,Manhattan,40.85902,-73.93418,POINT (-73.93418 40.85902),2023,3183.070513,8.065915693
190 St (A),145,Manhattan,40.85902,-73.93418,POINT (-73.93418 40.85902),2024,3147.176101,8.054578548
191 St (1),300,Manhattan,40.855225,-73.92941,POINT (-73.92941 40.855225),2023,5443.929487,8.602440085
191 St (1),300,Manhattan,40.855225,-73.92941,POINT (-73.92941 40.855225),2024,5103.987421,8.537973267
2 Av (F),232,Manhattan,40.7234,-73.98994,POINT (-73.98994 40.7234),2023,11923.37821,9.386340172
2 Av (F),232,Manhattan,40.7234,-73.98994,POINT (-73.98994 40.7234),2024,11998.27673,9.392601654
20 Av (D),67,Brooklyn,40.604557,-73.99817,POINT (-73.99817 40.604557),2023,3588.288462,8.185709262
20 Av (D),67,Brooklyn,40.604557,-73.99817,POINT (-73.99817 40.604557),2024,3606.805031,8.190854842
20 Av (N),75,Brooklyn,40.61741,-73.98502,POINT (-73.98502 40.61741),2023,3056.673077,8.025409473
20 Av (N),75,Brooklyn,40.61741,-73.98502,POINT (-73.98502 40.61741),2024,3258.91195,8.089455465
207 St (1),298,Manhattan,40.86462,-73.91882,POINT (-73.91882 40.86462),2023,4385.532051,8.386294228
207 St (1),298,Manhattan,40.86462,-73.91882,POINT (-73.91882 40.86462),2024,4020.446541,8.299396953
21 St (G),282,Queens,40.744064,-73.94972,POINT (-73.94972 40.744064),2023,1395.576923,7.241779467
21 St (G),282,Queens,40.744064,-73.94972,POINT (-73.94972 40.744064),2024,1242.594771,7.125761474
21 St-Queensbridge (F),221,Queens,40.754204,-73.94283,POINT (-73.94283 40.754204),2023,5108.852564,8.53892583
21 St-Queensbridge (F),221,Queens,40.754204,-73.94283,POINT (-73.94283 40.754204),2024,5565.974843,8.624607069
215 St (1),297,Manhattan,40.869446,-73.915276,POINT (-73.915276 40.869446),2023,1580.089744,7.365869599
215 St (1),297,Manhattan,40.869446,-73.915276,POINT (-73.915276 40.869446),2024,1670.867925,7.421696798
"219 St (2,5)",420,Bronx,40.883896,-73.86263,POINT (-73.86263 40.883896),2023,1618.955128,7.390153729
"219 St (2,5)",420,Bronx,40.883896,-73.86263,POINT (-73.86263 40.883896),2024,1454.937107,7.283405032
"225 St (2,5)",419,Bronx,40.888023,-73.860344,POINT (-73.860344 40.888023),2023,1961.301282,7.581873187
"225 St (2,5)",419,Bronx,40.888023,-73.860344,POINT (-73.860344 40.888023),2024,1851.477987,7.524279474
23 St (1),320,Manhattan,40.74408,-73.99566,POINT (-73.99566 40.74408),2023,9832.128205,9.193512393
23 St (1),320,Manhattan,40.74408,-73.99566,POINT (-73.99566 40.74408),2024,9935.415094,9.20396158
23 St (6),405,Manhattan,40.739864,-73.9866,POINT (-73.9866 40.739864),2023,19300.26923,9.867926136
23 St (6),405,Manhattan,40.739864,-73.9866,POINT (-73.9866 40.739864),2024,19687.77358,9.887803884
"23 St (C,E)",165,Manhattan,40.745907,-73.99804,POINT (-73.99804 40.745907),2023,14762.5,9.599913197
"23 St (C,E)",165,Manhattan,40.745907,-73.99804,POINT (-73.99804 40.745907),2024,16127.56604,9.688347267
"23 St (F,M)",228,Manhattan,40.742878,-73.99282,POINT (-73.99282 40.742878),2023,19013.11538,9.852936897
"23 St (F,M)",228,Manhattan,40.742878,-73.99282,POINT (-73.99282 40.742878),2024,20212.39623,9.914100843
"23 St (R,W)",14,Manhattan,40.741302,-73.98934,POINT (-73.98934 40.741302),2023,13741.78205,9.528269024
"23 St (R,W)",14,Manhattan,40.741302,-73.98934,POINT (-73.98934 40.741302),2024,14441.61006,9.577938148
231 St (1),295,Bronx,40.878857,-73.90483,POINT (-73.90483 40.878857),2023,6313.615385,8.750622128
231 St (1),295,Bronx,40.878857,-73.90483,POINT (-73.90483 40.878857),2024,5823.257862,8.669786865
"233 St (2,5)",418,Bronx,40.893192,-73.857475,POINT (-73.857475 40.893192),2023,2784.935897,7.932339145
"233 St (2,5)",418,Bronx,40.893192,-73.857475,POINT (-73.857475 40.893192),2024,2427.748428,7.795131353
238 St (1),294,Bronx,40.884666,-73.90087,POINT (-73.90087 40.884666),2023,3225.442308,8.079135356
238 St (1),294,Bronx,40.884666,-73.90087,POINT (-73.90087 40.884666),2024,3039.320755,8.0197183
25 Av (D),69,Brooklyn,40.597706,-73.98683,POINT (-73.98683 40.597706),2023,3141.089744,8.052643381
25 Av (D),69,Brooklyn,40.597706,-73.98683,POINT (-73.98683 40.597706),2024,3036.471698,8.01878077
25 St (R),31,Brooklyn,40.660397,-73.99809,POINT (-73.99809 40.660397),2023,2657.833333,7.885642709
25 St (R),31,Brooklyn,40.660397,-73.99809,POINT (-73.99809 40.660397),2024,2677.050314,7.892844314
28 St (1),319,Manhattan,40.747215,-73.99336,POINT (-73.99336 40.747215),2023,9966.807692,9.207115948
28 St (1),319,Manhattan,40.747215,-73.99336,POINT (-73.99336 40.747215),2024,9991.786164,9.209618728
28 St (6),404,Manhattan,40.74307,-73.98426,POINT (-73.98426 40.74307),2023,14776.30769,9.600848019
28 St (6),404,Manhattan,40.74307,-73.98426,POINT (-73.98426 40.74307),2024,15562.98113,9.652714622
"28 St (R,W)",13,Manhattan,40.745495,-73.98869,POINT (-73.98869 40.745495),2023,8385.173077,9.034339566
"28 St (R,W)",13,Manhattan,40.745495,-73.98869,POINT (-73.98869 40.745495),2024,9172.006289,9.124020351
3 Av (L),118,Manhattan,40.73285,-73.98612,POINT (-73.98612 40.73285),2023,4610.782051,8.436369623
3 Av (L),118,Manhattan,40.73285,-73.98612,POINT (-73.98612 40.73285),2024,5005.050314,8.518402523
3 Av-138 St (6),377,Bronx,40.810474,-73.92614,POINT (-73.92614 40.810474),2023,5813.839744,8.668168505
3 Av-138 St (6),377,Bronx,40.810474,-73.92614,POINT (-73.92614 40.810474),2024,5270.987421,8.57016269
"3 Av-149 St (2,5)",434,Bronx,40.81611,-73.917755,POINT (-73.917755 40.81611),2023,11171.67308,9.321226172
"3 Av-149 St (2,5)",434,Bronx,40.81611,-73.917755,POINT (-73.917755 40.81611),2024,12084.7044,9.399778579
"30 Av (N,W)",3,Queens,40.76678,-73.92148,POINT (-73.92148 40.76678),2023,9911.935897,9.201595839
"30 Av (N,W)",3,Queens,40.76678,-73.92148,POINT (-73.92148 40.76678),2024,10157.26415,9.226042855
33 St (6),403,Manhattan,40.746082,-73.98208,POINT (-73.98208 40.746082),2023,19140.52564,9.859615371
33 St (6),403,Manhattan,40.746082,-73.98208,POINT (-73.98208 40.746082),2024,20700.55346,9.937964023
33 St-Rawson St (7),460,Queens,40.744587,-73.931,POINT (-73.931 40.744587),2023,6546.705128,8.786869905
33 St-Rawson St (7),460,Queens,40.744587,-73.931,POINT (-73.931 40.744587),2024,6417.63522,8.766960792
"34 St-Herald Sq (B,D,F,M,N,Q,R,W)",607,Manhattan,40.749718,-73.98782,POINT (-73.98782 40.749718),2023,75644.26923,11.23381018
"34 St-Herald Sq (B,D,F,M,N,Q,R,W)",607,Manhattan,40.749718,-73.98782,POINT (-73.98782 40.749718),2024,78604.13836,11.27219235
34 St-Hudson Yards (7),471,Manhattan,40.755882,-74.00191,POINT (-74.00191 40.755882),2023,18654.82692,9.833913812
34 St-Hudson Yards (7),471,Manhattan,40.755882,-74.00191,POINT (-74.00191 40.755882),2024,20773.8805,9.941499868
"34 St-Penn Station (1,2,3)",318,Manhattan,40.750374,-73.99106,POINT (-73.99106 40.750374),2023,50870.40385,10.83705623
"34 St-Penn Station (1,2,3)",318,Manhattan,40.750374,-73.99106,POINT (-73.99106 40.750374),2024,53828.31447,10.89357348
"34 St-Penn Station (A,C,E)",164,Manhattan,40.75229,-73.99339,POINT (-73.99339 40.75229),2023,55994.78846,10.93303176
"34 St-Penn Station (A,C,E)",164,Manhattan,40.75229,-73.99339,POINT (-73.99339 40.75229),2024,59623.72327,10.99582559
"36 Av (N,W)",5,Queens,40.756805,-73.92957,POINT (-73.92957 40.756805),2023,4745.775641,8.465220854
"36 Av (N,W)",5,Queens,40.756805,-73.92957,POINT (-73.92957 40.756805),2024,4910.490566,8.499332752
"36 St (D,N,R)",32,Brooklyn,40.655144,-74.00355,POINT (-74.00355 40.655144),2023,11065.07692,9.311639575
"36 St (D,N,R)",32,Brooklyn,40.655144,-74.00355,POINT (-74.00355 40.655144),2024,11324.61006,9.334821818
"36 St (M,R)",272,Queens,40.75204,-73.92878,POINT (-73.92878 40.75204),2023,2743.115385,7.917214038
"36 St (M,R)",272,Queens,40.75204,-73.92878,POINT (-73.92878 40.75204),2024,2628.842767,7.874679339
"39 Av-Dutch Kills (N,W)",6,Queens,40.75288,-73.932755,POINT (-73.932755 40.75288),2023,2659.192308,7.886153695
"39 Av-Dutch Kills (N,W)",6,Queens,40.75288,-73.932755,POINT (-73.932755 40.75288),2024,2791.383648,7.934650864
"4 Av (F,G)/9 St (R)",608,Brooklyn,40.670273,-73.98978,POINT (-73.98978 40.670273),2023,9123.134615,9.118678337
"4 Av (F,G)/9 St (R)",608,Brooklyn,40.670273,-73.98978,POINT (-73.98978 40.670273),2024,9245.72327,9.132024527
40 St-Lowery St (7),459,Queens,40.743782,-73.92402,POINT (-73.92402 40.743782),2023,7214.884615,8.884040072
40 St-Lowery St (7),459,Queens,40.743782,-73.92402,POINT (-73.92402 40.743782),2024,7233.955975,8.886679554
45 St (R),33,Brooklyn,40.648937,-74.01001,POINT (-74.01001 40.648937),2023,5867.987179,8.677437356
45 St (R),33,Brooklyn,40.648937,-74.01001,POINT (-74.01001 40.648937),2024,5531.974843,8.618480896
"46 St (M,R)",270,Queens,40.756313,-73.91333,POINT (-73.91333 40.756313),2023,5506.50641,8.613867243
"46 St (M,R)",270,Queens,40.756313,-73.91333,POINT (-73.91333 40.756313),2024,5193.937107,8.555439797
46 St-Bliss St (7),458,Queens,40.743134,-73.918434,POINT (-73.918434 40.743134),2023,9278.724359,9.135587123
46 St-Bliss St (7),458,Queens,40.743134,-73.918434,POINT (-73.918434 40.743134),2024,9210.446541,9.128202179
"47-50 Sts-Rockefeller Ctr (B,D,F,M)",225,Manhattan,40.758663,-73.98133,POINT (-73.98133 40.758663),2023,41141.8141,10.62480456
"47-50 Sts-Rockefeller Ctr (B,D,F,M)",225,Manhattan,40.758663,-73.98133,POINT (-73.98133 40.758663),2024,44426.38994,10.70161145
"49 St (N,R,W)",10,Manhattan,40.7599,-73.98414,POINT (-73.98414 40.7599),2023,17148.44231,9.749720934
"49 St (N,R,W)",10,Manhattan,40.7599,-73.98414,POINT (-73.98414 40.7599),2024,19973.98113,9.902235826
"5 Av/53 St (E,M)",276,Manhattan,40.760166,-73.97523,POINT (-73.97523 40.760166),2023,17521.24359,9.771226415
"5 Av/53 St (E,M)",276,Manhattan,40.760166,-73.97523,POINT (-73.97523 40.760166),2024,16964.92453,9.738962172
"5 Av/59 St (N,R,W)",8,Manhattan,40.764812,-73.97335,POINT (-73.97335 40.764812),2023,10965.82692,9.302630261
"5 Av/59 St (N,R,W)",8,Manhattan,40.764812,-73.97335,POINT (-73.97335 40.764812),2024,11764.39623,9.372917979
50 St (1),316,Manhattan,40.761726,-73.98385,POINT (-73.98385 40.761726),2023,19473.91026,9.876882263
50 St (1),316,Manhattan,40.761726,-73.98385,POINT (-73.98385 40.761726),2024,17478.69811,9.768795379
"50 St (C,E)",162,Manhattan,40.762455,-73.985985,POINT (-73.985985 40.762455),2023,14949.83333,9.612522319
"50 St (C,E)",162,Manhattan,40.762455,-73.985985,POINT (-73.985985 40.762455),2024,16661.86164,9.720937668
50 St (D),61,Brooklyn,40.63626,-73.99479,POINT (-73.99479 40.63626),2023,2538.064103,7.839550829
50 St (D),61,Brooklyn,40.63626,-73.99479,POINT (-73.99479 40.63626),2024,2538.509434,7.839726205
52 St (7),457,Queens,40.74415,-73.91255,POINT (-73.91255 40.74415),2023,4561.807692,8.425693435
52 St (7),457,Queens,40.74415,-73.91255,POINT (-73.91255 40.74415),2024,4838.666667,8.484601127
53 St (R),34,Brooklyn,40.64507,-74.01403,POINT (-74.01403 40.64507),2023,6385.858974,8.761997873
53 St (R),34,Brooklyn,40.64507,-74.01403,POINT (-74.01403 40.64507),2024,6187.893082,8.730511526
55 St (D),62,Brooklyn,40.631435,-73.995476,POINT (-73.995476 40.631435),2023,1400.935897,7.245609344
55 St (D),62,Brooklyn,40.631435,-73.995476,POINT (-73.995476 40.631435),2024,1390.125786,7.237868616
57 St (F),224,Manhattan,40.763973,-73.97745,POINT (-73.97745 40.763973),2023,8699.230769,9.071104829
57 St (F),224,Manhattan,40.763973,-73.97745,POINT (-73.97745 40.763973),2024,9494.333333,9.158555729
"57 St-7 Av (N,Q,R,W)",9,Manhattan,40.764664,-73.98066,POINT (-73.98066 40.764664),2023,24746.59615,10.11648364
"57 St-7 Av (N,Q,R,W)",9,Manhattan,40.764664,-73.98066,POINT (-73.98066 40.764664),2024,26291.98113,10.17705731
"59 St (N,R)",35,Brooklyn,40.64136,-74.01788,POINT (-74.01788 40.64136),2023,9118.807692,9.118203996
"59 St (N,R)",35,Brooklyn,40.64136,-74.01788,POINT (-74.01788 40.64136),2024,9270.320755,9.134681125
"59 St-Columbus Circle (A,B,C,D,1)",614,Manhattan,40.768295,-73.981735,POINT (-73.981735 40.768295),2023,51026.45513,10.8401191
"59 St-Columbus Circle (A,B,C,D,1)",614,Manhattan,40.768295,-73.981735,POINT (-73.981735 40.768295),2024,53856.93082,10.89410495
61 St-Woodside (7),456,Queens,40.74563,-73.902985,POINT (-73.902985 40.74563),2023,13560.98077,9.515025625
61 St-Woodside (7),456,Queens,40.74563,-73.902985,POINT (-73.902985 40.74563),2024,12366.14465,9.42279861
"63 Dr-Rego Park (M,R)",263,Queens,40.729847,-73.8616,POINT (-73.8616 40.729847),2023,10181.99359,9.228474313
"63 Dr-Rego Park (M,R)",263,Queens,40.729847,-73.8616,POINT (-73.8616 40.729847),2024,9936.402516,9.204060949
"65 St (M,R)",268,Queens,40.74967,-73.89845,POINT (-73.89845 40.74967),2023,2368.288462,7.770344962
"65 St (M,R)",268,Queens,40.74967,-73.89845,POINT (-73.89845 40.74967),2024,2437.012579,7.798938469
66 St-Lincoln Center (1),314,Manhattan,40.77344,-73.98221,POINT (-73.98221 40.77344),2023,15619.23718,9.656322608
66 St-Lincoln Center (1),314,Manhattan,40.77344,-73.98221,POINT (-73.98221 40.77344),2024,15527.32075,9.650420781
"67 Av (M,R)",262,Queens,40.726524,-73.85272,POINT (-73.85272 40.726524),2023,5772.833333,8.661091495
"67 Av (M,R)",262,Queens,40.726524,-73.85272,POINT (-73.85272 40.726524),2024,5811.327044,8.667736294
68 St-Hunter College (6),399,Manhattan,40.768143,-73.96387,POINT (-73.96387 40.768143),2023,18720.76923,9.837442256
68 St-Hunter College (6),399,Manhattan,40.768143,-73.96387,POINT (-73.96387 40.768143),2024,19027.15723,9.853675121
69 St (7),455,Queens,40.746326,-73.8964,POINT (-73.8964 40.746326),2023,4303.262821,8.367361164
69 St (7),455,Queens,40.746326,-73.8964,POINT (-73.8964 40.746326),2024,4482.584906,8.408178208
"7 Av (B,Q)",41,Brooklyn,40.67705,-73.97237,POINT (-73.97237 40.67705),2023,7465.474359,8.918178193
"7 Av (B,Q)",41,Brooklyn,40.67705,-73.97237,POINT (-73.97237 40.67705),2024,7427.194969,8.91303817
"7 Av (E,B,D)",277,Manhattan,40.762863,-73.981636,POINT (-73.981636 40.762863),2023,13173.66026,9.486050586
"7 Av (E,B,D)",277,Manhattan,40.762863,-73.981636,POINT (-73.981636 40.762863),2024,14197.33962,9.560880309
"7 Av (F,G)",240,Brooklyn,40.66627,-73.98031,POINT (-73.98031 40.66627),2023,8907.596154,9.09477195
"7 Av (F,G)",240,Brooklyn,40.66627,-73.98031,POINT (-73.98031 40.66627),2024,9046.836478,9.110280945
71 St (D),64,Brooklyn,40.61959,-73.99886,POINT (-73.99886 40.61959),2023,3450.237179,8.146488048
71 St (D),64,Brooklyn,40.61959,-73.99886,POINT (-73.99886 40.61959),2024,3469.471698,8.1520458
"72 St (1,2,3)",313,Manhattan,40.778454,-73.98197,POINT (-73.98197 40.778454),2023,27812.73077,10.23328509
"72 St (1,2,3)",313,Manhattan,40.778454,-73.98197,POINT (-73.98197 40.778454),2024,29017.99371,10.27570585
"72 St (C,B)",160,Manhattan,40.775593,-73.97641,POINT (-73.97641 40.775593),2023,7023.282051,8.85712829
"72 St (C,B)",160,Manhattan,40.775593,-73.97641,POINT (-73.97641 40.775593),2024,7676.207547,8.946011159
72 St (Q),477,Manhattan,40.7688,-73.95843,POINT (-73.95843 40.7688),2023,22106.51923,10.00367307
72 St (Q),477,Manhattan,40.7688,-73.95843,POINT (-73.95843 40.7688),2024,23477.59748,10.06384454
"74-Broadway (7)/Jackson Hts-Roosevelt Av (E,F,M,R)",616,Queens,40.74685,-73.891335,POINT (-73.891335 40.74685),2023,43866.5,10.68892901
"74-Broadway (7)/Jackson Hts-Roosevelt Av (E,F,M,R)",616,Queens,40.74685,-73.891335,POINT (-73.891335 40.74685),2024,45357.85535,10.7223607
"75 Av (E,F)",260,Queens,40.71833,-73.837326,POINT (-73.837326 40.71833),2023,2326.096154,7.752376483
"75 Av (E,F)",260,Queens,40.71833,-73.837326,POINT (-73.837326 40.71833),2024,2475.72327,7.814691704
"75 St-Elderts Ln (J,Z)",85,Queens,40.691322,-73.86714,POINT (-73.86714 40.691322),2023,1414.858974,7.255491675
"75 St-Elderts Ln (J,Z)",85,Queens,40.691322,-73.86714,POINT (-73.86714 40.691322),2024,1589.100629,7.371552582
77 St (6),398,Manhattan,40.77362,-73.95988,POINT (-73.95988 40.77362),2023,20816.02564,9.943526471
77 St (6),398,Manhattan,40.77362,-73.95988,POINT (-73.95988 40.77362),2024,21500.54717,9.975880173
77 St (R),37,Brooklyn,40.62974,-74.02551,POINT (-74.02551 40.62974),2023,3988.070513,8.291313529
77 St (R),37,Brooklyn,40.62974,-74.02551,POINT (-74.02551 40.62974),2024,4057.144654,8.308481166
79 St (1),312,Manhattan,40.783936,-73.97992,POINT (-73.97992 40.783936),2023,10886.55769,9.29537592
79 St (1),312,Manhattan,40.783936,-73.97992,POINT (-73.97992 40.783936),2024,10144.30189,9.224766009
79 St (D),65,Brooklyn,40.613503,-74.00061,POINT (-74.00061 40.613503),2023,4289.660256,8.364195906
79 St (D),65,Brooklyn,40.613503,-74.00061,POINT (-74.00061 40.613503),2024,4574.578616,8.428488443
8 Av (N),71,Brooklyn,40.635063,-74.01172,POINT (-74.01172 40.635063),2023,7998.064103,8.987079827
8 Av (N),71,Brooklyn,40.635063,-74.01172,POINT (-74.01172 40.635063),2024,8059.308176,8.99470707
"8 St-NYU (R,W)",16,Manhattan,40.730328,-73.99263,POINT (-73.99263 40.730328),2023,11496.89744,9.349919466
"8 St-NYU (R,W)",16,Manhattan,40.730328,-73.99263,POINT (-73.99263 40.730328),2024,12139.85535,9.404331519
80 St (A),190,Queens,40.67937,-73.85899,POINT (-73.85899 40.67937),2023,3087.820513,8.035544586
80 St (A),190,Queens,40.67937,-73.85899,POINT (-73.85899 40.67937),2024,2967.754717,7.995897857
"81 St-Museum of Natural History (C,B)",159,Manhattan,40.781433,-73.972145,POINT (-73.972145 40.781433),2023,10051.57051,9.215583653
"81 St-Museum of Natural History (C,B)",159,Manhattan,40.781433,-73.972145,POINT (-73.972145 40.781433),2024,10200.80503,9.230319947
82 St-Jackson Hts (7),453,Queens,40.747658,-73.8837,POINT (-73.8837 40.747658),2023,8312.115385,9.025589713
82 St-Jackson Hts (7),453,Queens,40.747658,-73.8837,POINT (-73.8837 40.747658),2024,7141.251572,8.873783352
85 St-Forest Pkwy (J),84,Queens,40.692436,-73.86001,POINT (-73.86001 40.692436),2023,2970.948718,7.996973151
85 St-Forest Pkwy (J),84,Queens,40.692436,-73.86001,POINT (-73.86001 40.692436),2024,2439.327044,7.799887344
86 St (1),311,Manhattan,40.788643,-73.97622,POINT (-73.97622 40.788643),2023,12796.96795,9.457041683
86 St (1),311,Manhattan,40.788643,-73.97622,POINT (-73.97622 40.788643),2024,12210.60377,9.410141908
"86 St (4,5,6)",397,Manhattan,40.77949,-73.95559,POINT (-73.95559 40.77949),2023,33224.67949,10.41107833
"86 St (4,5,6)",397,Manhattan,40.77949,-73.95559,POINT (-73.95559 40.77949),2024,34349.30818,10.44436627
"86 St (C,B)",158,Manhattan,40.78587,-73.96892,POINT (-73.96892 40.78587),2023,8198.717949,9.011855036
"86 St (C,B)",158,Manhattan,40.78587,-73.96892,POINT (-73.96892 40.78587),2024,8644.119497,9.064750221
86 St (N),79,Brooklyn,40.59272,-73.97823,POINT (-73.97823 40.59272),2023,1781.403846,7.485718208
86 St (N),79,Brooklyn,40.59272,-73.97823,POINT (-73.97823 40.59272),2024,1807.207547,7.500091328
86 St (Q),476,Manhattan,40.77789,-73.95179,POINT (-73.95179 40.77789),2023,17380.04487,9.763135516
86 St (Q),476,Manhattan,40.77789,-73.95179,POINT (-73.95179 40.77789),2024,17970.62264,9.796549273
86 St (R),38,Brooklyn,40.62269,-74.0284,POINT (-74.0284 40.62269),2023,8722.352564,9.073758911
86 St (R),38,Brooklyn,40.62269,-74.0284,POINT (-74.0284 40.62269),2024,8518.471698,9.050109611
88 St (A),191,Queens,40.679844,-73.85147,POINT (-73.85147 40.679844),2023,2011.211538,7.606989664
88 St (A),191,Queens,40.679844,-73.85147,POINT (-73.85147 40.679844),2024,1963.132075,7.582805735
9 Av (D),59,Brooklyn,40.646294,-73.99432,POINT (-73.99432 40.646294),2023,3984.217949,8.290347282
9 Av (D),59,Brooklyn,40.646294,-73.99432,POINT (-73.99432 40.646294),2024,3990.540881,8.291932621
90 St-Elmhurst Av (7),452,Queens,40.74841,-73.87661,POINT (-73.87661 40.74841),2023,13828.05769,9.534527287
90 St-Elmhurst Av (7),452,Queens,40.74841,-73.87661,POINT (-73.87661 40.74841),2024,14571.99371,9.586925349
"96 St (1,2,3)",310,Manhattan,40.79392,-73.97232,POINT (-73.97232 40.79392),2023,25041.89744,10.12834553
"96 St (1,2,3)",310,Manhattan,40.79392,-73.97232,POINT (-73.97232 40.79392),2024,25314.25786,10.13916257
96 St (6),396,Manhattan,40.78567,-73.95107,POINT (-73.95107 40.78567),2023,13098.82051,9.480353808
96 St (6),396,Manhattan,40.78567,-73.95107,POINT (-73.95107 40.78567),2024,13272.79245,9.493546878
"96 St (C,B)",157,Manhattan,40.79164,-73.9647,POINT (-73.9647 40.79164),2023,7196.935897,8.881549583
"96 St (C,B)",157,Manhattan,40.79164,-73.9647,POINT (-73.9647 40.79164),2024,7382.773585,8.907040113
96 St (Q),475,Manhattan,40.784317,-73.94715,POINT (-73.94715 40.784317),2023,12649.77564,9.445473808
96 St (Q),475,Manhattan,40.784317,-73.94715,POINT (-73.94715 40.784317),2024,12977.30189,9.471034156
Alabama Av (J),91,Brooklyn,40.67699,-73.89865,POINT (-73.89865 40.67699),2023,1300.538462,7.171302276
Alabama Av (J),91,Brooklyn,40.67699,-73.89865,POINT (-73.89865 40.67699),2024,1301.194969,7.171806557
"Allerton Av (2,5)",423,Bronx,40.865463,-73.867355,POINT (-73.867355 40.865463),2023,2871.076923,7.962790714
"Allerton Av (2,5)",423,Bronx,40.865463,-73.867355,POINT (-73.867355 40.865463),2024,2672.805031,7.891257842
Aqueduct Racetrack (A),196,Queens,40.672096,-73.83592,POINT (-73.83592 40.672096),2023,557.4358974,6.325139836
Aqueduct Racetrack (A),196,Queens,40.672096,-73.83592,POINT (-73.83592 40.672096),2024,483.490566,6.18309796
Aqueduct-N Conduit Av (A),197,Queens,40.668236,-73.83406,POINT (-73.83406 40.668236),2023,594.1794872,6.388863019
Aqueduct-N Conduit Av (A),197,Queens,40.668236,-73.83406,POINT (-73.83406 40.668236),2024,604.408805,6.405903941
Astor Pl (6),407,Manhattan,40.730053,-73.99107,POINT (-73.99107 40.730053),2023,11506.98077,9.350796054
Astor Pl (6),407,Manhattan,40.730053,-73.99107,POINT (-73.99107 40.730053),2024,12209.23899,9.410030141
"Astoria Blvd (N,W)",2,Queens,40.77026,-73.91785,POINT (-73.91785 40.77026),2023,7803.705128,8.962482052
"Astoria Blvd (N,W)",2,Queens,40.77026,-73.91785,POINT (-73.91785 40.77026),2024,8081.603774,8.997469349
"Astoria-Ditmars Blvd (N,W)",1,Queens,40.775036,-73.91203,POINT (-73.91203 40.775036),2023,10944.58974,9.300691891
"Astoria-Ditmars Blvd (N,W)",1,Queens,40.775036,-73.91203,POINT (-73.91203 40.775036),2024,11068.65409,9.311962778
Atlantic Av (L),133,Brooklyn,40.675346,-73.9031,POINT (-73.9031 40.675346),2023,1205.653846,7.095606391
Atlantic Av (L),133,Brooklyn,40.675346,-73.9031,POINT (-73.9031 40.675346),2024,1415.754717,7.256124124
"Atlantic Av-Barclays Ctr (B,D,N,Q,R,2,3,4,5)",617,Brooklyn,40.68446,-73.97689,POINT (-73.97689 40.68446),2023,30658.94872,10.33071248
"Atlantic Av-Barclays Ctr (B,D,N,Q,R,2,3,4,5)",617,Brooklyn,40.68446,-73.97689,POINT (-73.97689 40.68446),2024,31732.14465,10.36511699
Avenue H (Q),48,Brooklyn,40.62927,-73.96164,POINT (-73.96164 40.62927),2023,2256.564103,7.72204168
Avenue H (Q),48,Brooklyn,40.62927,-73.96164,POINT (-73.96164 40.62927),2024,2336.27673,7.75674174
Avenue I (F),246,Brooklyn,40.62532,-73.97613,POINT (-73.97613 40.62532),2023,1407.583333,7.25033975
Avenue I (F),246,Brooklyn,40.62532,-73.97613,POINT (-73.97613 40.62532),2024,1225.849057,7.112204419
Avenue J (Q),49,Brooklyn,40.62504,-73.9608,POINT (-73.9608 40.62504),2023,3956.564103,8.283383989
Avenue J (Q),49,Brooklyn,40.62504,-73.9608,POINT (-73.9608 40.62504),2024,3864.037736,8.259726724
Avenue M (Q),50,Brooklyn,40.61762,-73.9594,POINT (-73.9594 40.61762),2023,4118.032051,8.323373476
Avenue M (Q),50,Brooklyn,40.61762,-73.9594,POINT (-73.9594 40.61762),2024,3997.169811,8.293591988
Avenue N (F),248,Brooklyn,40.61514,-73.9742,POINT (-73.9742 40.61514),2023,2191.416667,7.692759715
Avenue N (F),248,Brooklyn,40.61514,-73.9742,POINT (-73.9742 40.61514),2024,1989.968553,7.59637651
Avenue P (F),249,Brooklyn,40.608944,-73.97302,POINT (-73.97302 40.608944),2023,1941.538462,7.571750882
Avenue P (F),249,Brooklyn,40.608944,-73.97302,POINT (-73.97302 40.608944),2024,1785.081761,7.487779539
Avenue U (F),251,Brooklyn,40.59606,-73.97336,POINT (-73.97336 40.59606),2023,1452.461538,7.281703258
Avenue U (F),251,Brooklyn,40.59606,-73.97336,POINT (-73.97336 40.59606),2024,1343.679245,7.203910784
Avenue U (N),78,Brooklyn,40.597473,-73.97913,POINT (-73.97913 40.597473),2023,2787.801282,7.933367134
Avenue U (N),78,Brooklyn,40.597473,-73.97913,POINT (-73.97913 40.597473),2024,2787.515723,7.933264734
Avenue U (Q),52,Brooklyn,40.5993,-73.95593,POINT (-73.95593 40.5993),2023,5161.897436,8.549253219
Avenue U (Q),52,Brooklyn,40.5993,-73.95593,POINT (-73.95593 40.5993),2024,4984.937107,8.51437665
Avenue X (F),252,Brooklyn,40.58962,-73.97425,POINT (-73.97425 40.58962),2023,1940.589744,7.571262372
Avenue X (F),252,Brooklyn,40.58962,-73.97425,POINT (-73.97425 40.58962),2024,1754.503145,7.470510787
Bay 50 St (D),70,Brooklyn,40.58884,-73.983765,POINT (-73.983765 40.58884),2023,1916.929487,7.559001491
Bay 50 St (D),70,Brooklyn,40.58884,-73.983765,POINT (-73.983765 40.58884),2024,1896.735849,7.548416796
Bay Pkwy (D),68,Brooklyn,40.601875,-73.99373,POINT (-73.99373 40.601875),2023,5559.923077,8.623519394
Bay Pkwy (D),68,Brooklyn,40.601875,-73.99373,POINT (-73.99373 40.601875),2024,5311.371069,8.577793544
Bay Pkwy (F),247,Brooklyn,40.62077,-73.975266,POINT (-73.975266 40.62077),2023,1026.326923,6.934715487
Bay Pkwy (F),247,Brooklyn,40.62077,-73.975266,POINT (-73.975266 40.62077),2024,873.427673,6.773569584
Bay Pkwy (N),76,Brooklyn,40.611816,-73.98185,POINT (-73.98185 40.611816),2023,5086.128205,8.534468747
Bay Pkwy (N),76,Brooklyn,40.611816,-73.98185,POINT (-73.98185 40.611816),2024,5005.044025,8.518401266
Bay Ridge Av (R),36,Brooklyn,40.634968,-74.02338,POINT (-74.02338 40.634968),2023,5777.051282,8.661821756
Bay Ridge Av (R),36,Brooklyn,40.634968,-74.02338,POINT (-74.02338 40.634968),2024,5784.27044,8.663070387
Bay Ridge-95 St (R),39,Brooklyn,40.616623,-74.030876,POINT (-74.030876 40.616623),2023,4047.666667,8.306142888
Bay Ridge-95 St (R),39,Brooklyn,40.616623,-74.030876,POINT (-74.030876 40.616623),2024,4111.899371,8.321883502
Baychester Av (5),443,Bronx,40.878662,-73.83859,POINT (-73.83859 40.878662),2023,1940.769231,7.571354811
Baychester Av (5),443,Bronx,40.878662,-73.83859,POINT (-73.83859 40.878662),2024,1835.798742,7.515779521
"Beach 105 St (A,S)",202,Queens,40.58321,-73.82756,POINT (-73.82756 40.58321),2023,182.224359,5.210711407
"Beach 105 St (A,S)",202,Queens,40.58321,-73.82756,POINT (-73.82756 40.58321),2024,206.0880503,5.333144067
Beach 25 St (A),208,Queens,40.600067,-73.76135,POINT (-73.76135 40.600067),2023,1114.935897,7.017448702
Beach 25 St (A),208,Queens,40.600067,-73.76135,POINT (-73.76135 40.600067),2024,1046.584906,6.954242704
Beach 36 St (A),207,Queens,40.595398,-73.76817,POINT (-73.76817 40.595398),2023,584.1089744,6.371798111
Beach 36 St (A),207,Queens,40.595398,-73.76817,POINT (-73.76817 40.595398),2024,541.0943396,6.295440045
Beach 44 St (A),206,Queens,40.59294,-73.77602,POINT (-73.77602 40.59294),2023,489.7179487,6.19586952
Beach 44 St (A),206,Queens,40.59294,-73.77602,POINT (-73.77602 40.59294),2024,510.1509434,6.236664935
Beach 60 St (A),205,Queens,40.592373,-73.78852,POINT (-73.78852 40.592373),2023,1194.884615,7.086641454
Beach 60 St (A),205,Queens,40.592373,-73.78852,POINT (-73.78852 40.592373),2024,1115.566038,7.018013217
Beach 67 St (A),204,Queens,40.590927,-73.79692,POINT (-73.79692 40.590927),2023,1536.24359,7.337746215
Beach 67 St (A),204,Queens,40.590927,-73.79692,POINT (-73.79692 40.590927),2024,1522.81761,7.328974051
"Beach 90 St (A,S)",200,Queens,40.588036,-73.813644,POINT (-73.813644 40.588036),2023,490.4102564,6.197279332
"Beach 90 St (A,S)",200,Queens,40.588036,-73.813644,POINT (-73.813644 40.588036),2024,499.1383648,6.21488479
"Beach 98 St (A,S)",201,Queens,40.585308,-73.82056,POINT (-73.82056 40.585308),2023,308.6923077,5.735579249
"Beach 98 St (A,S)",201,Queens,40.585308,-73.82056,POINT (-73.82056 40.585308),2024,307.8805031,5.732954481
Bedford Av (L),120,Brooklyn,40.717304,-73.95687,POINT (-73.95687 40.717304),2023,24335.62179,10.09973756
Bedford Av (L),120,Brooklyn,40.717304,-73.95687,POINT (-73.95687 40.717304),2024,25150.78616,10.13268419
"Bedford Park Blvd (B,D)",211,Bronx,40.873245,-73.88714,POINT (-73.88714 40.873245),2023,4418.647436,8.393815206
"Bedford Park Blvd (B,D)",211,Bronx,40.873245,-73.88714,POINT (-73.88714 40.873245),2024,4113.339623,8.32223362
Bedford Park Blvd-Lehman College (4),380,Bronx,40.873413,-73.89006,POINT (-73.89006 40.873413),2023,3783.653846,8.238709708
Bedford Park Blvd-Lehman College (4),380,Bronx,40.873413,-73.89006,POINT (-73.89006 40.873413),2024,3583.742138,8.184441823
Bedford-Nostrand Avs (G),289,Brooklyn,40.68963,-73.95352,POINT (-73.95352 40.68963),2023,6221.99359,8.736006354
Bedford-Nostrand Avs (G),289,Brooklyn,40.68963,-73.95352,POINT (-73.95352 40.68963),2024,6301.314465,8.74867222
"Bergen St (2,3)",339,Brooklyn,40.68083,-73.9751,POINT (-73.9751 40.68083),2023,3166.019231,8.060546119
"Bergen St (2,3)",339,Brooklyn,40.68083,-73.9751,POINT (-73.9751 40.68083),2024,3481.610063,8.15553731
"Bergen St (F,G)",236,Brooklyn,40.686146,-73.99086,POINT (-73.99086 40.686146),2023,8614.801282,9.061353155
"Bergen St (F,G)",236,Brooklyn,40.686146,-73.99086,POINT (-73.99086 40.686146),2024,8422.371069,9.038765392
Beverley Rd (Q),45,Brooklyn,40.64403,-73.96449,POINT (-73.96449 40.64403),2023,2587.647436,7.858890793
Beverley Rd (Q),45,Brooklyn,40.64403,-73.96449,POINT (-73.96449 40.64403),2024,2917.163522,7.978709767
"Beverly Rd (2,5)",357,Brooklyn,40.6451,-73.94896,POINT (-73.94896 40.6451),2023,3126.634615,8.048032284
"Beverly Rd (2,5)",357,Brooklyn,40.6451,-73.94896,POINT (-73.94896 40.6451),2024,3192.716981,8.068940715
"Bowery (J,Z)",103,Manhattan,40.72028,-73.99391,POINT (-73.99391 40.72028),2023,2443.596154,7.801635216
"Bowery (J,Z)",103,Manhattan,40.72028,-73.99391,POINT (-73.99391 40.72028),2024,2461.943396,7.809112416
"Bowling Green (4,5)",414,Manhattan,40.70482,-74.01407,POINT (-74.01407 40.70482),2023,17430.84615,9.766054051
"Bowling Green (4,5)",414,Manhattan,40.70482,-74.01407,POINT (-74.01407 40.70482),2024,17700.8805,9.781426156
"Briarwood (E,F)",258,Queens,40.70918,-73.82057,POINT (-73.82057 40.70918),2023,3599.025641,8.188696247
"Briarwood (E,F)",258,Queens,40.70918,-73.82057,POINT (-73.82057 40.70918),2024,3645.150943,8.201427354
"Brighton Beach (B,Q)",55,Brooklyn,40.57762,-73.96137,POINT (-73.96137 40.57762),2023,8573.205128,9.056513571
"Brighton Beach (B,Q)",55,Brooklyn,40.57762,-73.96137,POINT (-73.96137 40.57762),2024,8074.339623,8.996570206
"Broad Channel (A,S)",199,Queens,40.608383,-73.815926,POINT (-73.815926 40.608383),2023,204.1346154,5.323666424
"Broad Channel (A,S)",199,Queens,40.608383,-73.815926,POINT (-73.815926 40.608383),2024,215.4528302,5.377372649
"Broad St (J,Z)",107,Manhattan,40.706474,-74.011055,POINT (-74.011055 40.706474),2023,4297.955128,8.366127279
"Broad St (J,Z)",107,Manhattan,40.706474,-74.011055,POINT (-74.011055 40.706474),2024,4533.654088,8.419504084
Broadway (G),286,Brooklyn,40.706093,-73.95031,POINT (-73.95031 40.706093),2023,3461.442308,8.149729488
Broadway (G),286,Brooklyn,40.706093,-73.95031,POINT (-73.95031 40.706093),2024,3117.379085,8.045068622
"Broadway (N,W)",4,Queens,40.76182,-73.92551,POINT (-73.92551 40.76182),2023,8925.487179,9.096778224
"Broadway (N,W)",4,Queens,40.76182,-73.92551,POINT (-73.92551 40.76182),2024,9133.081761,9.119767945
"Broadway Junction (A,C,J,L,Z)",621,Brooklyn,40.678333,-73.90532,POINT (-73.90532 40.678333),2023,5341.262821,8.583404591
"Broadway Junction (A,C,J,L,Z)",621,Brooklyn,40.678333,-73.90532,POINT (-73.90532 40.678333),2024,5624.899371,8.635136102
"Broadway-Lafayette St (B,D,F,M)/Bleecker St (6)",619,Manhattan,40.725914,-73.99466,POINT (-73.99466 40.725914),2023,28038.20513,10.24135899
"Broadway-Lafayette St (B,D,F,M)/Bleecker St (6)",619,Manhattan,40.725914,-73.99466,POINT (-73.99466 40.725914),2024,29515.50314,10.29270481
"Bronx Park East (2,5)",425,Bronx,40.848827,-73.868454,POINT (-73.868454 40.848827),2023,1542.185897,7.341604323
"Bronx Park East (2,5)",425,Bronx,40.848827,-73.868454,POINT (-73.868454 40.848827),2024,1470.54717,7.294069623
Brook Av (6),376,Bronx,40.807568,-73.91924,POINT (-73.91924 40.807568),2023,3533.455128,8.17031443
Brook Av (6),376,Bronx,40.807568,-73.91924,POINT (-73.91924 40.807568),2024,3352.943396,8.117892066
"Brooklyn Bridge-City Hall (4,5,6)/Chambers St (J,Z)",622,Manhattan,40.71324,-74.0034,POINT (-74.0034 40.71324),2023,20362.94872,9.921521397
"Brooklyn Bridge-City Hall (4,5,6)/Chambers St (J,Z)",622,Manhattan,40.71324,-74.0034,POINT (-74.0034 40.71324),2024,20350.30189,9.920900164
"Bryant Pk (B,D,F,M)/5 Av (7)",609,Manhattan,40.754223,-73.981964,POINT (-73.981964 40.754223),2023,38281.01923,10.55273559
"Bryant Pk (B,D,F,M)/5 Av (7)",609,Manhattan,40.754223,-73.981964,POINT (-73.981964 40.754223),2024,40991.16352,10.62113619
Buhre Av (6),361,Bronx,40.84681,-73.832565,POINT (-73.832565 40.84681),2023,2669.685897,7.890090609
Buhre Av (6),361,Bronx,40.84681,-73.832565,POINT (-73.832565 40.84681),2024,2615.446541,7.869572394
"Burke Av (2,5)",422,Bronx,40.871357,-73.867165,POINT (-73.867165 40.871357),2023,1784.576923,7.487496848
"Burke Av (2,5)",422,Bronx,40.871357,-73.867165,POINT (-73.867165 40.871357),2024,1657.062893,7.413405268
Burnside Av (4),384,Bronx,40.853455,-73.907684,POINT (-73.907684 40.853455),2023,5846.044872,8.673691662
Burnside Av (4),384,Bronx,40.853455,-73.907684,POINT (-73.907684 40.853455),2024,6179.283019,8.729119345
Bushwick Av-Aberdeen St (L),131,Brooklyn,40.68283,-73.90525,POINT (-73.90525 40.68283),2023,1738.865385,7.461563024
Bushwick Av-Aberdeen St (L),131,Brooklyn,40.68283,-73.90525,POINT (-73.90525 40.68283),2024,1780.050314,7.484958534
Canal St (1),325,Manhattan,40.722855,-74.00628,POINT (-74.00628 40.722855),2023,3928.49359,8.276265839
Canal St (1),325,Manhattan,40.722855,-74.00628,POINT (-74.00628 40.722855),2024,4142.106918,8.329201249
"Canal St (A,C,E)",169,Manhattan,40.720825,-74.005226,POINT (-74.005226 40.720825),2023,13507.05769,9.511041652
"Canal St (A,C,E)",169,Manhattan,40.720825,-74.005226,POINT (-74.005226 40.720825),2024,13848.84277,9.536029159
"Canal St (J,N,Q,R,W,Z,6)",623,Manhattan,40.71953,-73.99989,POINT (-73.99989 40.71953),2023,31026.58333,10.34263187
"Canal St (J,N,Q,R,W,Z,6)",623,Manhattan,40.71953,-73.99989,POINT (-73.99989 40.71953),2024,32079.84906,10.37601453
Canarsie-Rockaway Pkwy (L),138,Brooklyn,40.646652,-73.90185,POINT (-73.90185 40.646652),2023,2362.685897,7.767977501
Canarsie-Rockaway Pkwy (L),138,Brooklyn,40.646652,-73.90185,POINT (-73.90185 40.646652),2024,1863.037736,7.53050024
"Carroll St (F,G)",237,Brooklyn,40.6803,-73.99505,POINT (-73.99505 40.6803),2023,8791.942308,9.081704668
"Carroll St (F,G)",237,Brooklyn,40.6803,-73.99505,POINT (-73.99505 40.6803),2024,8947.672956,9.099260527
Castle Hill Av (6),365,Bronx,40.834255,-73.85122,POINT (-73.85122 40.834255),2023,3726.903846,8.223601383
Castle Hill Av (6),365,Bronx,40.834255,-73.85122,POINT (-73.85122 40.834255),2024,3715.446541,8.22052326
Cathedral Pkwy (110 St) (1),308,Manhattan,40.803967,-73.96685,POINT (-73.96685 40.803967),2023,8805.416667,9.083235901
Cathedral Pkwy (110 St) (1),308,Manhattan,40.803967,-73.96685,POINT (-73.96685 40.803967),2024,8959.811321,9.100616051
"Cathedral Pkwy (110 St) (C,B)",155,Manhattan,40.800602,-73.95816,POINT (-73.95816 40.800602),2023,5306.134615,8.576807348
"Cathedral Pkwy (110 St) (C,B)",155,Manhattan,40.800602,-73.95816,POINT (-73.95816 40.800602),2024,5415.377358,8.597182487
Central Av (M),114,Brooklyn,40.697857,-73.9274,POINT (-73.9274 40.697857),2023,2775.410256,7.928914098
Central Av (M),114,Brooklyn,40.697857,-73.9274,POINT (-73.9274 40.697857),2024,2880.949686,7.966222318
"Central Park North (110 St) (2,3)",441,Manhattan,40.799076,-73.95182,POINT (-73.95182 40.799076),2023,5040.666667,8.525491994
"Central Park North (110 St) (2,3)",441,Manhattan,40.799076,-73.95182,POINT (-73.95182 40.799076),2024,4785.471698,8.473548822
"Chambers St (1,2,3)",327,Manhattan,40.715477,-74.00927,POINT (-74.00927 40.715477),2023,13769.05128,9.530251316
"Chambers St (1,2,3)",327,Manhattan,40.715477,-74.00927,POINT (-74.00927 40.715477),2024,14049.98742,9.550447951
"Chambers St (A,C)/WTC (E)/Park Pl (2,3)/Cortlandt (R,W)",624,Manhattan,40.71411,-74.00858,POINT (-74.00858 40.71411),2023,43613.54487,10.68314597
"Chambers St (A,C)/WTC (E)/Park Pl (2,3)/Cortlandt (R,W)",624,Manhattan,40.71411,-74.00858,POINT (-74.00858 40.71411),2024,46418.44654,10.74547376
"Chauncey St (J,Z)",93,Brooklyn,40.68289,-73.91045,POINT (-73.91045 40.68289),2023,1913.294872,7.557104621
"Chauncey St (J,Z)",93,Brooklyn,40.68289,-73.91045,POINT (-73.91045 40.68289),2024,1900.08805,7.550181659
Christopher St-Sheridan Sq (1),323,Manhattan,40.73342,-74.00291,POINT (-74.00291 40.73342),2023,8094.474359,8.999060463
Christopher St-Sheridan Sq (1),323,Manhattan,40.73342,-74.00291,POINT (-74.00291 40.73342),2024,8530.207547,9.051486195
"Church Av (2,5)",356,Brooklyn,40.650845,-73.94958,POINT (-73.94958 40.650845),2023,6370.487179,8.759588187
"Church Av (2,5)",356,Brooklyn,40.650845,-73.94958,POINT (-73.94958 40.650845),2024,6132.226415,8.721476222
"Church Av (B,Q)",44,Brooklyn,40.650528,-73.96298,POINT (-73.96298 40.650528),2023,10816.91026,9.288958397
"Church Av (B,Q)",44,Brooklyn,40.650528,-73.96298,POINT (-73.96298 40.650528),2024,9335.327044,9.141668204
"Church Av (F,G)",243,Brooklyn,40.64404,-73.979675,POINT (-73.979675 40.64404),2023,6726.717949,8.813991279
"Church Av (F,G)",243,Brooklyn,40.64404,-73.979675,POINT (-73.979675 40.64404),2024,6563.503145,8.789432101
"City Hall (R,W)",20,Manhattan,40.713284,-74.00698,POINT (-74.00698 40.713284),2023,4037.737179,8.303687343
"City Hall (R,W)",20,Manhattan,40.713284,-74.00698,POINT (-74.00698 40.713284),2024,4204.754717,8.344209037
"Clark St (2,3)",334,Brooklyn,40.697468,-73.99309,POINT (-73.99309 40.697468),2023,4636.044872,8.441832561
"Clark St (2,3)",334,Brooklyn,40.697468,-73.99309,POINT (-73.99309 40.697468),2024,5215.138365,8.55951263
Classon Av (G),290,Brooklyn,40.688873,-73.96007,POINT (-73.96007 40.688873),2023,4246.198718,8.354014919
Classon Av (G),290,Brooklyn,40.688873,-73.96007,POINT (-73.96007 40.688873),2024,3786.767296,8.23953202
Cleveland St (J),89,Brooklyn,40.679947,-73.884636,POINT (-73.884636 40.679947),2023,1444.653846,7.276316987
Cleveland St (J),89,Brooklyn,40.679947,-73.884636,POINT (-73.884636 40.679947),2024,1331.955975,7.195154293
Clinton-Washington Avs (C),177,Brooklyn,40.68326,-73.965836,POINT (-73.965836 40.68326),2023,5281.442308,8.572143828
Clinton-Washington Avs (C),177,Brooklyn,40.68326,-73.965836,POINT (-73.965836 40.68326),2024,5587.805031,8.628520774
Clinton-Washington Avs (G),291,Brooklyn,40.688087,-73.96684,POINT (-73.96684 40.688087),2023,4122.461538,8.324448269
Clinton-Washington Avs (G),291,Brooklyn,40.688087,-73.96684,POINT (-73.96684 40.688087),2024,3738.45283,8.226694578
"Coney Island-Stillwell Av (D,F,N,Q)",58,Brooklyn,40.577423,-73.98123,POINT (-73.98123 40.577423),2023,9918.538462,9.202261673
"Coney Island-Stillwell Av (D,F,N,Q)",58,Brooklyn,40.577423,-73.98123,POINT (-73.98123 40.577423),2024,10027.18239,9.213154647
Cortelyou Rd (Q),46,Brooklyn,40.640926,-73.96389,POINT (-73.96389 40.640926),2023,4177.307692,8.337661585
Cortelyou Rd (Q),46,Brooklyn,40.640926,-73.96389,POINT (-73.96389 40.640926),2024,4293.849057,8.36517169
"Court Sq (E,G,M,7)",606,Queens,40.747845,-73.94383,POINT (-73.94383 40.747845),2023,17991.69231,9.797720972
"Court Sq (E,G,M,7)",606,Queens,40.747845,-73.94383,POINT (-73.94383 40.747845),2024,19776.1195,9.892280968
"Court St (R)/Borough Hall (2,3,4,5)",620,Brooklyn,40.69322,-73.99,POINT (-73.99 40.69322),2023,22114.39744,10.00402936
"Court St (R)/Borough Hall (2,3,4,5)",620,Brooklyn,40.69322,-73.99,POINT (-73.99 40.69322),2024,22536.55975,10.02293852
"Crescent St (J,Z)",87,Brooklyn,40.683193,-73.87379,POINT (-73.87379 40.683193),2023,2388.737179,7.778938672
"Crescent St (J,Z)",87,Brooklyn,40.683193,-73.87379,POINT (-73.87379 40.683193),2024,2264.069182,7.725360582
"Crown Hts-Utica Av (3,4)",345,Brooklyn,40.668896,-73.932945,POINT (-73.932945 40.668896),2023,16927.27564,9.736740618
"Crown Hts-Utica Av (3,4)",345,Brooklyn,40.668896,-73.932945,POINT (-73.932945 40.668896),2024,17023.48428,9.742407838
Cypress Av (6),375,Bronx,40.805367,-73.91404,POINT (-73.91404 40.805367),2023,1652.551282,7.410680546
Cypress Av (6),375,Bronx,40.805367,-73.91404,POINT (-73.91404 40.805367),2024,2014.245283,7.608496196
Cypress Hills (J),86,Brooklyn,40.68994,-73.87255,POINT (-73.87255 40.68994),2023,1049.826923,6.957332679
Cypress Hills (J),86,Brooklyn,40.68994,-73.87255,POINT (-73.87255 40.68994),2024,987.9119497,6.896605298
"DeKalb Av (B,Q,R)",26,Brooklyn,40.690636,-73.98183,POINT (-73.98183 40.690636),2023,14434.79487,9.577466156
"DeKalb Av (B,Q,R)",26,Brooklyn,40.690636,-73.98183,POINT (-73.98183 40.690636),2024,16269.34591,9.697099461
DeKalb Av (L),127,Brooklyn,40.70381,-73.91843,POINT (-73.91843 40.70381),2023,8677.25,9.068575174
DeKalb Av (L),127,Brooklyn,40.70381,-73.91843,POINT (-73.91843 40.70381),2024,9069.459119,9.112778161
"Delancey St (F)/Essex St (J,M,Z)",625,Manhattan,40.718613,-73.987434,POINT (-73.987434 40.718613),2023,20892.26282,9.947182033
"Delancey St (F)/Essex St (J,M,Z)",625,Manhattan,40.718613,-73.987434,POINT (-73.987434 40.718613),2024,20828.23899,9.944112999
Ditmas Av (F),244,Brooklyn,40.63612,-73.97817,POINT (-73.97817 40.63612),2023,3083.615385,8.034182256
Ditmas Av (F),244,Brooklyn,40.63612,-73.97817,POINT (-73.97817 40.63612),2024,2902.484277,7.97366677
Dyckman St (1),299,Manhattan,40.86053,-73.92554,POINT (-73.92554 40.86053),2023,4733.737179,8.462681498
Dyckman St (1),299,Manhattan,40.86053,-73.92554,POINT (-73.92554 40.86053),2024,4583.993711,8.430544013
Dyckman St (A),144,Manhattan,40.86549,-73.92727,POINT (-73.92727 40.86549),2023,4196.673077,8.342285621
Dyckman St (A),144,Manhattan,40.86549,-73.92727,POINT (-73.92727 40.86549),2024,4378.584906,8.384709228
E 143 St-St Mary's St (6),374,Bronx,40.80872,-73.90765,POINT (-73.90765 40.80872),2023,923.5897436,6.829350119
E 143 St-St Mary's St (6),374,Bronx,40.80872,-73.90765,POINT (-73.90765 40.80872),2024,937.2704403,6.844038223
E 149 St (6),373,Bronx,40.81212,-73.9041,POINT (-73.9041 40.81212),2023,3153.698718,8.056648277
E 149 St (6),373,Bronx,40.81212,-73.9041,POINT (-73.9041 40.81212),2024,2972.081761,7.997354324
"E 180 St (2,5)",426,Bronx,40.841892,-73.87349,POINT (-73.87349 40.841892),2023,5762.269231,8.659260167
"E 180 St (2,5)",426,Bronx,40.841892,-73.87349,POINT (-73.87349 40.841892),2024,5612.119497,8.632861904
East 105 St (L),137,Brooklyn,40.650574,-73.89948,POINT (-73.89948 40.650574),2023,2095.358974,7.647957297
East 105 St (L),137,Brooklyn,40.650574,-73.89948,POINT (-73.89948 40.650574),2024,1977.471698,7.590079956
East Broadway (F),234,Manhattan,40.713715,-73.99017,POINT (-73.99017 40.713715),2023,11207.02564,9.324385376
East Broadway (F),234,Manhattan,40.713715,-73.99017,POINT (-73.99017 40.713715),2024,10666.20126,9.27492901
Eastchester-Dyre Av (5),442,Bronx,40.8883,-73.83083,POINT (-73.83083 40.8883),2023,2789.801282,7.934084031
Eastchester-Dyre Av (5),442,Bronx,40.8883,-73.83083,POINT (-73.83083 40.8883),2024,2608.622642,7.866960908
"Eastern Pkwy-Brooklyn Museum (2,3)",341,Brooklyn,40.671986,-73.96438,POINT (-73.96438 40.671986),2023,3337.282051,8.113211598
"Eastern Pkwy-Brooklyn Museum (2,3)",341,Brooklyn,40.671986,-73.96438,POINT (-73.96438 40.671986),2024,3424.553459,8.139018332
Elder Av (6),369,Bronx,40.828583,-73.87916,POINT (-73.87916 40.828583),2023,3858.237179,8.258224821
Elder Av (6),369,Bronx,40.828583,-73.87916,POINT (-73.87916 40.828583),2024,3531.301887,8.16970503
"Elmhurst Av (M,R)",266,Queens,40.742455,-73.88202,POINT (-73.88202 40.742455),2023,8635.288462,9.063728193
"Elmhurst Av (M,R)",266,Queens,40.742455,-73.88202,POINT (-73.88202 40.742455),2024,9144.264151,9.120991445
"Euclid Av (A,C)",188,Brooklyn,40.675377,-73.87211,POINT (-73.87211 40.675377),2023,7054.089744,8.861504585
"Euclid Av (A,C)",188,Brooklyn,40.675377,-73.87211,POINT (-73.87211 40.675377),2024,7004.572327,8.854461158
Far Rockaway-Mott Av (A),209,Queens,40.603996,-73.7554,POINT (-73.7554 40.603996),2023,2903.846154,7.974135709
Far Rockaway-Mott Av (A),209,Queens,40.603996,-73.7554,POINT (-73.7554 40.603996),2024,3227.301887,8.079711546
"Flatbush Av-Brooklyn College (2,5)",359,Brooklyn,40.632835,-73.94764,POINT (-73.94764 40.632835),2023,13002.96795,9.473009817
"Flatbush Av-Brooklyn College (2,5)",359,Brooklyn,40.632835,-73.94764,POINT (-73.94764 40.632835),2024,13141.96855,9.483642184
Flushing Av (G),287,Brooklyn,40.70038,-73.95023,POINT (-73.95023 40.70038),2023,2441.391026,7.800732767
Flushing Av (G),287,Brooklyn,40.70038,-73.95023,POINT (-73.95023 40.70038),2024,2042.327044,7.622334662
"Flushing Av (M,J)",98,Brooklyn,40.70026,-73.941124,POINT (-73.941124 40.70026),2023,5292.75641,8.574283369
"Flushing Av (M,J)",98,Brooklyn,40.70026,-73.941124,POINT (-73.941124 40.70026),2024,5418.339623,8.597729246
Flushing-Main St (7),447,Queens,40.7596,-73.83003,POINT (-73.83003 40.7596),2023,43923.0641,10.69021761
Flushing-Main St (7),447,Queens,40.7596,-73.83003,POINT (-73.83003 40.7596),2024,45477.74843,10.72500043
Fordham Rd (4),382,Bronx,40.862804,-73.90103,POINT (-73.90103 40.862804),2023,6726.730769,8.813993184
Fordham Rd (4),382,Bronx,40.862804,-73.90103,POINT (-73.90103 40.862804),2024,5753.660377,8.657765306
"Fordham Rd (B,D)",213,Bronx,40.861298,-73.89775,POINT (-73.89775 40.861298),2023,6695.519231,8.809343153
"Fordham Rd (B,D)",213,Bronx,40.861298,-73.89775,POINT (-73.89775 40.861298),2024,5580.679245,8.62724495
Forest Av (M),110,Queens,40.704422,-73.903076,POINT (-73.903076 40.704422),2023,3179.083333,8.064662681
Forest Av (M),110,Queens,40.704422,-73.903076,POINT (-73.903076 40.704422),2024,3324.446541,8.109359242
"Forest Hills-71 Av (E,F,M,R)",261,Queens,40.72169,-73.84452,POINT (-73.84452 40.72169),2023,18968.86538,9.850606967
"Forest Hills-71 Av (E,F,M,R)",261,Queens,40.72169,-73.84452,POINT (-73.84452 40.72169),2024,19157.06289,9.860478945
Fort Hamilton Pkwy (D),60,Brooklyn,40.640915,-73.9943,POINT (-73.9943 40.640915),2023,2902.987179,7.973839961
Fort Hamilton Pkwy (D),60,Brooklyn,40.640915,-73.9943,POINT (-73.9943 40.640915),2024,2957.333333,7.992381326
"Fort Hamilton Pkwy (F,G)",242,Brooklyn,40.650784,-73.97578,POINT (-73.97578 40.650784),2023,4423.512821,8.394915454
"Fort Hamilton Pkwy (F,G)",242,Brooklyn,40.650784,-73.97578,POINT (-73.97578 40.650784),2024,4383.314465,8.385788556
Fort Hamilton Pkwy (N),72,Brooklyn,40.631386,-74.00535,POINT (-74.00535 40.631386),2023,4971.326923,8.511643203
Fort Hamilton Pkwy (N),72,Brooklyn,40.631386,-74.00535,POINT (-74.00535 40.631386),2024,4919.628931,8.501191633
"Franklin Av (2,3,4,5)/Botanic Garden (S)",626,Brooklyn,40.67068,-73.95813,POINT (-73.95813 40.67068),2023,10535.42949,9.262594006
"Franklin Av (2,3,4,5)/Botanic Garden (S)",626,Brooklyn,40.67068,-73.95813,POINT (-73.95813 40.67068),2024,10942.13208,9.300467331
"Franklin Av (C,S)",627,Brooklyn,40.68138,-73.95685,POINT (-73.95685 40.68138),2023,3815.724359,8.247147836
"Franklin Av (C,S)",627,Brooklyn,40.68138,-73.95685,POINT (-73.95685 40.68138),2024,4000.660377,8.294464648
Franklin St (1),326,Manhattan,40.71932,-74.00689,POINT (-74.00689 40.71932),2023,4659.608974,8.4469014
Franklin St (1),326,Manhattan,40.71932,-74.00689,POINT (-74.00689 40.71932),2024,4800.025157,8.476584749
"Freeman St (2,5)",429,Bronx,40.829994,-73.89187,POINT (-73.89187 40.829994),2023,2726.955128,7.91130757
"Freeman St (2,5)",429,Bronx,40.829994,-73.89187,POINT (-73.89187 40.829994),2024,2671.503145,7.89077082
Fresh Pond Rd (M),109,Queens,40.706184,-73.895874,POINT (-73.895874 40.706184),2023,4246.858974,8.354170364
Fresh Pond Rd (M),109,Queens,40.706184,-73.895874,POINT (-73.895874 40.706184),2024,4155.471698,8.332421844
"Fulton St (A,C,J,Z,2,3,4,5)",628,Manhattan,40.71037,-74.00657,POINT (-74.00657 40.71037),2023,61525.86538,11.02722919
"Fulton St (A,C,J,Z,2,3,4,5)",628,Manhattan,40.71037,-74.00657,POINT (-74.00657 40.71037),2024,65115.42767,11.08393214
Fulton St (G),292,Brooklyn,40.68712,-73.97537,POINT (-73.97537 40.68712),2023,4709.025641,8.457448631
Fulton St (G),292,Brooklyn,40.68712,-73.97537,POINT (-73.97537 40.68712),2024,4350.150943,8.378195674
"Gates Av (J,Z)",95,Brooklyn,40.68963,-73.92227,POINT (-73.92227 40.68963),2023,4613.448718,8.436947685
"Gates Av (J,Z)",95,Brooklyn,40.68963,-73.92227,POINT (-73.92227 40.68963),2024,4724.440252,8.460716011
Graham Av (L),122,Brooklyn,40.714565,-73.94405,POINT (-73.94405 40.714565),2023,6999.019231,8.853668175
Graham Av (L),122,Brooklyn,40.714565,-73.94405,POINT (-73.94405 40.714565),2024,7212.943396,8.883771015
"Grand Army Plaza (2,3)",340,Brooklyn,40.675236,-73.97105,POINT (-73.97105 40.675236),2023,5292.205128,8.574179226
"Grand Army Plaza (2,3)",340,Brooklyn,40.675236,-73.97105,POINT (-73.97105 40.675236),2024,5434.672956,8.600738611
"Grand Av-Newtown (M,R)",265,Queens,40.737015,-73.87722,POINT (-73.87722 40.737015),2023,12854.87821,9.461556434
"Grand Av-Newtown (M,R)",265,Queens,40.737015,-73.87722,POINT (-73.87722 40.737015),2024,13106.66038,9.4809521
"Grand Central-42 St (S,4,5,6,7)",610,Manhattan,40.751778,-73.976845,POINT (-73.976845 40.751778),2023,108010.6026,11.58999393
"Grand Central-42 St (S,4,5,6,7)",610,Manhattan,40.751778,-73.976845,POINT (-73.976845 40.751778),2024,117120.3836,11.67096614
"Grand St (B,D)",231,Manhattan,40.718266,-73.99375,POINT (-73.99375 40.718266),2023,17555.96154,9.773205819
"Grand St (B,D)",231,Manhattan,40.718266,-73.99375,POINT (-73.99375 40.718266),2024,17208.52201,9.753218115
Grand St (L),123,Brooklyn,40.711926,-73.94067,POINT (-73.94067 40.711926),2023,4885.237179,8.494177793
Grand St (L),123,Brooklyn,40.711926,-73.94067,POINT (-73.94067 40.711926),2024,4989.314465,8.515254206
Grant Av (A),189,Brooklyn,40.677044,-73.86505,POINT (-73.86505 40.677044),2023,3967.102564,8.286043316
Grant Av (A),189,Brooklyn,40.677044,-73.86505,POINT (-73.86505 40.677044),2024,3765.264151,8.233838848
Greenpoint Av (G),283,Brooklyn,40.731354,-73.95445,POINT (-73.95445 40.731354),2023,7976.935897,8.984434998
Greenpoint Av (G),283,Brooklyn,40.731354,-73.95445,POINT (-73.95445 40.731354),2024,7013.323899,8.855709609
"Gun Hill Rd (2,5)",421,Bronx,40.87785,-73.86626,POINT (-73.86626 40.87785),2023,3955.019231,8.282993554
"Gun Hill Rd (2,5)",421,Bronx,40.87785,-73.86626,POINT (-73.86626 40.87785),2024,4096.113208,8.318037909
Gun Hill Rd (5),444,Bronx,40.869526,-73.84638,POINT (-73.84638 40.869526),2023,3301.365385,8.102394274
Gun Hill Rd (5),444,Bronx,40.869526,-73.84638,POINT (-73.84638 40.869526),2024,2869.537736,7.962254656
Halsey St (J),94,Brooklyn,40.68637,-73.91656,POINT (-73.91656 40.68637),2023,3924.5,8.275249011
Halsey St (J),94,Brooklyn,40.68637,-73.91656,POINT (-73.91656 40.68637),2024,3898.308176,8.268554426
Halsey St (L),129,Queens,40.695602,-73.90408,POINT (-73.90408 40.695602),2023,5544.057692,8.620662304
Halsey St (L),129,Queens,40.695602,-73.90408,POINT (-73.90408 40.695602),2024,5377.930818,8.590244901
Harlem-148 St (3),436,Manhattan,40.82388,-73.93647,POINT (-73.93647 40.82388),2023,2282.583333,7.733501126
Harlem-148 St (3),436,Manhattan,40.82388,-73.93647,POINT (-73.93647 40.82388),2024,2199.18239,7.69629554
"Hewes St (M,J)",100,Brooklyn,40.70687,-73.95343,POINT (-73.95343 40.70687),2023,1888.25641,7.543938597
"Hewes St (M,J)",100,Brooklyn,40.70687,-73.95343,POINT (-73.95343 40.70687),2024,2002.591195,7.602696447
"High St (A,C)",173,Brooklyn,40.699337,-73.99053,POINT (-73.99053 40.699337),2023,7079.814103,8.865144166
"High St (A,C)",173,Brooklyn,40.699337,-73.99053,POINT (-73.99053 40.699337),2024,6761.232704,8.819108396
Houston St (1),324,Manhattan,40.728252,-74.00536,POINT (-74.00536 40.728252),2023,9857.474359,9.196086705
Houston St (1),324,Manhattan,40.728252,-74.00536,POINT (-74.00536 40.728252),2024,10951.65409,9.301337088
Howard Beach-JFK Airport (A),198,Queens,40.660477,-73.8303,POINT (-73.8303 40.660477),2023,2026.378205,7.614498713
Howard Beach-JFK Airport (A),198,Queens,40.660477,-73.8303,POINT (-73.8303 40.660477),2024,2601.069182,7.864062247
"Hoyt St (2,3)",336,Brooklyn,40.690544,-73.98506,POINT (-73.98506 40.690544),2023,5316.346154,8.578729615
"Hoyt St (2,3)",336,Brooklyn,40.690544,-73.98506,POINT (-73.98506 40.690544),2024,6050.91195,8.708129526
"Hoyt-Schermerhorn Sts (A,C,G)",175,Brooklyn,40.688484,-73.985,POINT (-73.985 40.688484),2023,8614.775641,9.061350179
"Hoyt-Schermerhorn Sts (A,C,G)",175,Brooklyn,40.688484,-73.985,POINT (-73.985 40.688484),2024,8719.886792,9.073476208
Hunters Point Av (7),463,Queens,40.742214,-73.94891,POINT (-73.94891 40.742214),2023,4103.442308,8.319825156
Hunters Point Av (7),463,Queens,40.742214,-73.94891,POINT (-73.94891 40.742214),2024,3911.044025,8.271815285
Hunts Point Av (6),371,Bronx,40.82095,-73.89055,POINT (-73.89055 40.82095),2023,7055.179487,8.861659035
Hunts Point Av (6),371,Bronx,40.82095,-73.89055,POINT (-73.89055 40.82095),2024,6222.628931,8.736108445
"Intervale Av (2,5)",431,Bronx,40.82218,-73.896736,POINT (-73.896736 40.82218),2023,1925.621795,7.563523383
"Intervale Av (2,5)",431,Bronx,40.82218,-73.896736,POINT (-73.896736 40.82218),2024,1778.849057,7.48428384
Inwood-207 St (A),143,Manhattan,40.868073,-73.9199,POINT (-73.9199 40.868073),2023,5628.121795,8.635708722
Inwood-207 St (A),143,Manhattan,40.868073,-73.9199,POINT (-73.9199 40.868073),2024,6051.18239,8.708174212
"Jackson Av (2,5)",433,Bronx,40.81649,-73.90781,POINT (-73.90781 40.81649),2023,3081.570513,8.03351911
"Jackson Av (2,5)",433,Bronx,40.81649,-73.90781,POINT (-73.90781 40.81649),2024,3163.037736,8.059604255
"Jamaica Center-Parsons/Archer (E,J,Z)",278,Queens,40.70215,-73.80111,POINT (-73.80111 40.70215),2023,20642.83333,9.935171926
"Jamaica Center-Parsons/Archer (E,J,Z)",278,Queens,40.70215,-73.80111,POINT (-73.80111 40.70215),2024,21856.20755,9.992286011
Jamaica-179 St (F),254,Queens,40.712646,-73.78381,POINT (-73.78381 40.712646),2023,14056.79487,9.550932316
Jamaica-179 St (F),254,Queens,40.712646,-73.78381,POINT (-73.78381 40.712646),2024,13974.35849,9.54505095
Jamaica-Van Wyck (E),280,Queens,40.702564,-73.81686,POINT (-73.81686 40.702564),2023,3299.269231,8.101759329
Jamaica-Van Wyck (E),280,Queens,40.702564,-73.81686,POINT (-73.81686 40.702564),2024,3430.924528,8.14087647
"Jay St-MetroTech (A,C,F,R)",636,Brooklyn,40.692337,-73.98594,POINT (-73.98594 40.692337),2023,26031.37179,10.16709611
"Jay St-MetroTech (A,C,F,R)",636,Brooklyn,40.692337,-73.98594,POINT (-73.98594 40.692337),2024,28643.80503,10.26272738
Jefferson St (L),126,Brooklyn,40.706608,-73.92291,POINT (-73.92291 40.706608),2023,5869.852564,8.677755143
Jefferson St (L),126,Brooklyn,40.706608,-73.92291,POINT (-73.92291 40.706608),2024,6389.993711,8.762645046
Junction Blvd (7),451,Queens,40.749146,-73.86953,POINT (-73.86953 40.749146),2023,20026.44231,9.904858727
Junction Blvd (7),451,Queens,40.749146,-73.86953,POINT (-73.86953 40.749146),2024,19614.08176,9.884054027
Junius St (3),349,Brooklyn,40.663513,-73.90245,POINT (-73.90245 40.663513),2023,1617.384615,7.38918378
Junius St (3),349,Brooklyn,40.663513,-73.90245,POINT (-73.90245 40.663513),2024,1632.943396,7.398751634
"Kew Gardens-Union Tpke (E,F)",259,Queens,40.71444,-73.83101,POINT (-73.83101 40.71444),2023,17262.48077,9.756348611
"Kew Gardens-Union Tpke (E,F)",259,Queens,40.71444,-73.83101,POINT (-73.83101 40.71444),2024,16738.96855,9.725554466
"Kings Hwy (B,Q)",51,Brooklyn,40.60867,-73.95773,POINT (-73.95773 40.60867),2023,14789.69231,9.601753364
"Kings Hwy (B,Q)",51,Brooklyn,40.60867,-73.95773,POINT (-73.95773 40.60867),2024,14248.64151,9.564487028
Kings Hwy (F),250,Brooklyn,40.603218,-73.97236,POINT (-73.97236 40.603218),2023,2541.198718,7.840784623
Kings Hwy (F),250,Brooklyn,40.603218,-73.97236,POINT (-73.97236 40.603218),2024,2636.440252,7.877564124
Kings Hwy (N),77,Brooklyn,40.603924,-73.980354,POINT (-73.980354 40.603924),2023,3973.519231,8.287659072
Kings Hwy (N),77,Brooklyn,40.603924,-73.980354,POINT (-73.980354 40.603924),2024,4182.106918,8.338809531
Kingsbridge Rd (4),381,Bronx,40.86776,-73.89717,POINT (-73.89717 40.86776),2023,6134.307692,8.721815509
Kingsbridge Rd (4),381,Bronx,40.86776,-73.89717,POINT (-73.89717 40.86776),2024,5365.465409,8.58792476
"Kingsbridge Rd (B,D)",212,Bronx,40.866978,-73.89351,POINT (-73.89351 40.866978),2023,4150.519231,8.331229626
"Kingsbridge Rd (B,D)",212,Bronx,40.866978,-73.89351,POINT (-73.89351 40.866978),2024,3898.622642,8.268635069
Kingston Av (3),344,Brooklyn,40.6694,-73.94216,POINT (-73.94216 40.6694),2023,3257.320513,8.088967161
Kingston Av (3),344,Brooklyn,40.6694,-73.94216,POINT (-73.94216 40.6694),2024,3106.314465,8.041514116
Kingston-Throop Avs (C),180,Brooklyn,40.67992,-73.94086,POINT (-73.94086 40.67992),2023,4598.141026,8.433624831
Kingston-Throop Avs (C),180,Brooklyn,40.67992,-73.94086,POINT (-73.94086 40.67992),2024,4870,8.491054534
Knickerbocker Av (M),113,Brooklyn,40.698666,-73.91971,POINT (-73.91971 40.698666),2023,2844.50641,7.953496331
Knickerbocker Av (M),113,Brooklyn,40.698666,-73.91971,POINT (-73.91971 40.698666),2024,2934.415094,7.984604151
Kosciuszko St (J),96,Brooklyn,40.69334,-73.92882,POINT (-73.92882 40.69334),2023,3707.205128,8.218303246
Kosciuszko St (J),96,Brooklyn,40.69334,-73.92882,POINT (-73.92882 40.69334),2024,4139.383648,8.328543731
Lafayette Av (C),176,Brooklyn,40.68611,-73.973946,POINT (-73.973946 40.68611),2023,3850.064103,8.256104779
Lafayette Av (C),176,Brooklyn,40.68611,-73.973946,POINT (-73.973946 40.68611),2024,4071.496855,8.312011568
"Lexington Av (N,R,W)/59 St (4,5,6)",613,Manhattan,40.76266,-73.967255,POINT (-73.967255 40.76266),2023,39296.33333,10.57891194
"Lexington Av (N,R,W)/59 St (4,5,6)",613,Manhattan,40.76266,-73.967255,POINT (-73.967255 40.76266),2024,39420.49686,10.58206655
"Lexington Av-53 St (E,M)/51 St (6)",612,Manhattan,40.757553,-73.969055,POINT (-73.969055 40.757553),2023,40769.96154,10.61572538
"Lexington Av-53 St (E,M)/51 St (6)",612,Manhattan,40.757553,-73.969055,POINT (-73.969055 40.757553),2024,44378.90566,10.70054207
"Lexington Av/63 St (F,Q)",223,Manhattan,40.76463,-73.96611,POINT (-73.96611 40.76463),2023,12395.09615,9.425136876
"Lexington Av/63 St (F,Q)",223,Manhattan,40.76463,-73.96611,POINT (-73.96611 40.76463),2024,12341.20126,9.420779665
Liberty Av (C),185,Brooklyn,40.67454,-73.896545,POINT (-73.896545 40.67454),2023,1702.262821,7.440300997
Liberty Av (C),185,Brooklyn,40.67454,-73.896545,POINT (-73.896545 40.67454),2024,1663.641509,7.41736507
Livonia Av (L),135,Brooklyn,40.66404,-73.90057,POINT (-73.90057 40.66404),2023,1961.724359,7.582088766
Livonia Av (L),135,Brooklyn,40.66404,-73.90057,POINT (-73.90057 40.66404),2024,1912.63522,7.556759969
Longwood Av (6),372,Bronx,40.816105,-73.89644,POINT (-73.89644 40.816105),2023,2311.224359,7.745965266
Longwood Av (6),372,Bronx,40.816105,-73.89644,POINT (-73.89644 40.816105),2024,2208.440252,7.700494483
Lorimer St (L)/Metropolitan Av (G),629,Brooklyn,40.71406,-73.95027,POINT (-73.95027 40.71406),2023,11293.04487,9.332030863
Lorimer St (L)/Metropolitan Av (G),629,Brooklyn,40.71406,-73.95027,POINT (-73.95027 40.71406),2024,11672.61006,9.365086023
"Lorimer St (M,J)",99,Brooklyn,40.70387,-73.94741,POINT (-73.94741 40.70387),2023,2866.50641,7.961198084
"Lorimer St (M,J)",99,Brooklyn,40.70387,-73.94741,POINT (-73.94741 40.70387),2024,2873.459119,7.963619803
Marble Hill-225 St (1),296,Manhattan,40.87456,-73.90983,POINT (-73.90983 40.87456),2023,3490.576923,8.158108754
Marble Hill-225 St (1),296,Manhattan,40.87456,-73.90983,POINT (-73.90983 40.87456),2024,3253.018868,8.087646086
"Marcy Av (M,J,Z)",101,Brooklyn,40.70836,-73.957756,POINT (-73.957756 40.70836),2023,9159.24359,9.12262805
"Marcy Av (M,J,Z)",101,Brooklyn,40.70836,-73.957756,POINT (-73.957756 40.70836),2024,8998.855346,9.104963784
Mets-Willets Point (7),448,Queens,40.754623,-73.84563,POINT (-73.84563 40.754623),2023,4912.692308,8.499780936
Mets-Willets Point (7),448,Queens,40.754623,-73.84563,POINT (-73.84563 40.754623),2024,5012.245283,8.519838745
Middle Village-Metropolitan Av (M),108,Queens,40.711395,-73.8896,POINT (-73.8896 40.711395),2023,2951.794872,7.990507415
Middle Village-Metropolitan Av (M),108,Queens,40.711395,-73.8896,POINT (-73.8896 40.711395),2024,3021.842767,8.013952981
Middletown Rd (6),362,Bronx,40.843864,-73.83632,POINT (-73.83632 40.843864),2023,1525.955128,7.331030919
Middletown Rd (6),362,Bronx,40.843864,-73.83632,POINT (-73.83632 40.843864),2024,1484.968553,7.303822063
Montrose Av (L),124,Brooklyn,40.70774,-73.93985,POINT (-73.93985 40.70774),2023,5070.929487,8.531476594
Montrose Av (L),124,Brooklyn,40.70774,-73.93985,POINT (-73.93985 40.70774),2024,5071.899371,8.531667801
Morgan Av (L),125,Brooklyn,40.706154,-73.93314,POINT (-73.93314 40.706154),2023,5291.358974,8.574019356
Morgan Av (L),125,Brooklyn,40.706154,-73.93314,POINT (-73.93314 40.706154),2024,5204.779874,8.557524802
Morris Park (5),446,Bronx,40.854362,-73.8605,POINT (-73.8605 40.854362),2023,1885.089744,7.542261046
Morris Park (5),446,Bronx,40.854362,-73.8605,POINT (-73.8605 40.854362),2024,1843.106918,7.519750384
Morrison Av-Soundview (6),368,Bronx,40.82952,-73.87452,POINT (-73.87452 40.82952),2023,3963.25,8.285071961
Morrison Av-Soundview (6),368,Bronx,40.82952,-73.87452,POINT (-73.87452 40.82952),2024,3448.63522,8.146023771
Mosholu Pkwy (4),379,Bronx,40.87975,-73.88466,POINT (-73.88466 40.87975),2023,5496.307692,8.612013741
Mosholu Pkwy (4),379,Bronx,40.87975,-73.88466,POINT (-73.88466 40.87975),2024,4727.647799,8.461394563
Mt Eden Av (4),386,Bronx,40.844433,-73.91469,POINT (-73.91469 40.844433),2023,3136.467949,8.051171368
Mt Eden Av (4),386,Bronx,40.844433,-73.91469,POINT (-73.91469 40.844433),2024,3026.792453,8.01558907
"Myrtle Av (M,J,Z)",97,Brooklyn,40.69721,-73.93565,POINT (-73.93565 40.69721),2023,8389.358974,9.034838585
"Myrtle Av (M,J,Z)",97,Brooklyn,40.69721,-73.93565,POINT (-73.93565 40.69721),2024,8838.660377,9.087003736
Myrtle-Willoughby Avs (G),288,Brooklyn,40.69457,-73.94904,POINT (-73.94904 40.69457),2023,4054.628205,8.307860876
Myrtle-Willoughby Avs (G),288,Brooklyn,40.69457,-73.94904,POINT (-73.94904 40.69457),2024,3437.974843,8.142928695
"Myrtle-Wyckoff Avs (L,M)",630,Brooklyn,40.699814,-73.91158,POINT (-73.91158 40.699814),2023,15524.58974,9.650244893
"Myrtle-Wyckoff Avs (L,M)",630,Brooklyn,40.699814,-73.91158,POINT (-73.91158 40.699814),2024,16049.28931,9.683482154
Nassau Av (G),284,Brooklyn,40.724636,-73.95128,POINT (-73.95128 40.724636),2023,7109.961538,8.869392751
Nassau Av (G),284,Brooklyn,40.724636,-73.95128,POINT (-73.95128 40.724636),2024,6799.986928,8.824823017
Neck Rd (Q),53,Brooklyn,40.595245,-73.95516,POINT (-73.95516 40.595245),2023,3216.403846,8.076330054
Neck Rd (Q),53,Brooklyn,40.595245,-73.95516,POINT (-73.95516 40.595245),2024,3274.72327,8.09429397
Neptune Av (F),253,Brooklyn,40.581013,-73.97457,POINT (-73.97457 40.581013),2023,1228.576923,7.114425424
Neptune Av (F),253,Brooklyn,40.581013,-73.97457,POINT (-73.97457 40.581013),2024,1131.528302,7.032207848
"Nereid Av (2,5)",417,Bronx,40.89838,-73.85438,POINT (-73.85438 40.89838),2023,1986.666667,7.5947167
"Nereid Av (2,5)",417,Bronx,40.89838,-73.85438,POINT (-73.85438 40.89838),2024,1796.144654,7.493954381
"Nevins St (2,3,4,5)",337,Brooklyn,40.688248,-73.98049,POINT (-73.98049 40.688248),2023,6975.384615,8.850286098
"Nevins St (2,3,4,5)",337,Brooklyn,40.688248,-73.98049,POINT (-73.98049 40.688248),2024,7444.056604,8.915305548
New Lots Av (3),352,Brooklyn,40.666237,-73.88408,POINT (-73.88408 40.666237),2023,3776.967949,8.236941564
New Lots Av (3),352,Brooklyn,40.666237,-73.88408,POINT (-73.88408 40.666237),2024,3516.169811,8.165411914
New Lots Av (L),136,Brooklyn,40.658733,-73.89923,POINT (-73.89923 40.658733),2023,2401.730769,7.78436119
New Lots Av (L),136,Brooklyn,40.658733,-73.89923,POINT (-73.89923 40.658733),2024,2367.062893,7.769827555
New Utrecht Av (N)/62 St (D),615,Brooklyn,40.626472,-73.99635,POINT (-73.99635 40.626472),2023,3832.333333,8.251490026
New Utrecht Av (N)/62 St (D),615,Brooklyn,40.626472,-73.99635,POINT (-73.99635 40.626472),2024,3670.597484,8.208382128
"Newkirk Av-Little Haiti (2,5)",358,Brooklyn,40.63997,-73.94841,POINT (-73.94841 40.63997),2023,4805.147436,8.477651093
"Newkirk Av-Little Haiti (2,5)",358,Brooklyn,40.63997,-73.94841,POINT (-73.94841 40.63997),2024,4840.805031,8.485042871
"Newkirk Plaza (B,Q)",47,Brooklyn,40.635082,-73.96279,POINT (-73.96279 40.635082),2023,7345.653846,8.90200023
"Newkirk Plaza (B,Q)",47,Brooklyn,40.635082,-73.96279,POINT (-73.96279 40.635082),2024,7171.352201,8.877988941
"Northern Blvd (M,R)",269,Queens,40.752884,-73.906006,POINT (-73.906006 40.752884),2023,4776.596154,8.471692802
"Northern Blvd (M,R)",269,Queens,40.752884,-73.906006,POINT (-73.906006 40.752884),2024,4804.018868,8.477416248
"Norwood Av (J,Z)",88,Brooklyn,40.68141,-73.880035,POINT (-73.880035 40.68141),2023,1544.237179,7.342932692
"Norwood Av (J,Z)",88,Brooklyn,40.68141,-73.880035,POINT (-73.880035 40.68141),2024,1552.937107,7.348547058
Norwood-205 St (D),210,Bronx,40.87481,-73.87885,POINT (-73.87885 40.87481),2023,4401.519231,8.389932209
Norwood-205 St (D),210,Bronx,40.87481,-73.87885,POINT (-73.87885 40.87481),2024,4372.742138,8.383374246
Nostrand Av (3),343,Brooklyn,40.669846,-73.95046,POINT (-73.95046 40.669846),2023,2577.801282,7.855079951
Nostrand Av (3),343,Brooklyn,40.669846,-73.95046,POINT (-73.95046 40.669846),2024,2532.955975,7.837536987
"Nostrand Av (A,C)",179,Brooklyn,40.68044,-73.950424,POINT (-73.950424 40.68044),2023,12172.42308,9.407010418
"Nostrand Av (A,C)",179,Brooklyn,40.68044,-73.950424,POINT (-73.950424 40.68044),2024,12464.10692,9.430688573
Ocean Pkwy (Q),56,Brooklyn,40.576313,-73.9685,POINT (-73.9685 40.576313),2023,2377.961538,7.774419343
Ocean Pkwy (Q),56,Brooklyn,40.576313,-73.9685,POINT (-73.9685 40.576313),2024,2179.396226,7.687261895
Ozone Park-Lefferts Blvd (A),195,Queens,40.68595,-73.8258,POINT (-73.8258 40.68595),2023,4640.519231,8.442797012
Ozone Park-Lefferts Blvd (A),195,Queens,40.68595,-73.8258,POINT (-73.8258 40.68595),2024,4580.672956,8.429819485
Park Pl (S),141,Brooklyn,40.67477,-73.95763,POINT (-73.95763 40.67477),2023,1115.429487,7.017890914
Park Pl (S),141,Brooklyn,40.67477,-73.95763,POINT (-73.95763 40.67477),2024,1176.874214,7.071466579
Parkchester (6),366,Bronx,40.833225,-73.86082,POINT (-73.86082 40.833225),2023,10825.09615,9.289714809
Parkchester (6),366,Bronx,40.833225,-73.86082,POINT (-73.86082 40.833225),2024,9205.773585,9.127694751
Parkside Av (Q),43,Brooklyn,40.655293,-73.961494,POINT (-73.961494 40.655293),2023,4182.141026,8.338817685
Parkside Av (Q),43,Brooklyn,40.655293,-73.961494,POINT (-73.961494 40.655293),2024,4745.176101,8.465094541
Parsons Blvd (F),256,Queens,40.707565,-73.80333,POINT (-73.80333 40.707565),2023,5141.525641,8.545299608
Parsons Blvd (F),256,Queens,40.707565,-73.80333,POINT (-73.80333 40.707565),2024,5042.446541,8.525844965
Pelham Bay Park (6),360,Bronx,40.852463,-73.82812,POINT (-73.82812 40.852463),2023,4182.153846,8.33882075
Pelham Bay Park (6),360,Bronx,40.852463,-73.82812,POINT (-73.82812 40.852463),2024,4007.18239,8.296093148
"Pelham Pkwy (2,5)",424,Bronx,40.857193,-73.867615,POINT (-73.867615 40.857193),2023,5610.403846,8.632556207
"Pelham Pkwy (2,5)",424,Bronx,40.857193,-73.867615,POINT (-73.867615 40.857193),2024,5056.81761,8.528690367
Pelham Pkwy (5),445,Bronx,40.858986,-73.85536,POINT (-73.85536 40.858986),2023,2105.217949,7.652649177
Pelham Pkwy (5),445,Bronx,40.858986,-73.85536,POINT (-73.85536 40.858986),2024,2080.849057,7.641011747
Pennsylvania Av (3),350,Brooklyn,40.664635,-73.8949,POINT (-73.8949 40.664635),2023,2857.807692,7.958159926
Pennsylvania Av (3),350,Brooklyn,40.664635,-73.8949,POINT (-73.8949 40.664635),2024,2584.371069,7.857624324
"President St-Medgar Evers College (2,5)",353,Brooklyn,40.667885,-73.95068,POINT (-73.95068 40.667885),2023,2543.583333,7.841722196
"President St-Medgar Evers College (2,5)",353,Brooklyn,40.667885,-73.95068,POINT (-73.95068 40.667885),2024,2554.962264,7.846184052
"Prince St (R,W)",17,Manhattan,40.72433,-73.9977,POINT (-73.9977 40.72433),2023,8397.711538,9.035833585
"Prince St (R,W)",17,Manhattan,40.72433,-73.9977,POINT (-73.9977 40.72433),2024,8586.591195,9.058073556
"Prospect Av (2,5)",432,Bronx,40.819584,-73.90177,POINT (-73.90177 40.819584),2023,4155.634615,8.332461039
"Prospect Av (2,5)",432,Bronx,40.819584,-73.90177,POINT (-73.90177 40.819584),2024,4062.90566,8.309899775
Prospect Av (R),30,Brooklyn,40.665413,-73.992874,POINT (-73.992874 40.665413),2023,4385.224359,8.386224081
Prospect Av (R),30,Brooklyn,40.665413,-73.992874,POINT (-73.992874 40.665413),2024,4426.955975,8.395693351
"Prospect Park (B,Q,S)",42,Brooklyn,40.661613,-73.96225,POINT (-73.96225 40.661613),2023,6838.551282,8.830477406
"Prospect Park (B,Q,S)",42,Brooklyn,40.661613,-73.96225,POINT (-73.96225 40.661613),2024,6875.289308,8.835834441
"Queens Plaza (E,M,R)",273,Queens,40.748974,-73.93724,POINT (-73.93724 40.748974),2023,12479.89103,9.431954036
"Queens Plaza (E,M,R)",273,Queens,40.748974,-73.93724,POINT (-73.93724 40.748974),2024,13717.18868,9.526477872
"Queensboro Plaza (7,N,W)",461,Queens,40.750584,-73.9402,POINT (-73.9402 40.750584),2023,11093.86538,9.314237702
"Queensboro Plaza (7,N,W)",461,Queens,40.750584,-73.9402,POINT (-73.9402 40.750584),2024,10053.89937,9.215815294
Ralph Av (C),182,Brooklyn,40.67882,-73.920784,POINT (-73.920784 40.67882),2023,3430.179487,8.140659355
Ralph Av (C),182,Brooklyn,40.67882,-73.920784,POINT (-73.920784 40.67882),2024,3429.522013,8.140467719
Rector St (1),329,Manhattan,40.70751,-74.01379,POINT (-74.01379 40.70751),2023,5282.294872,8.572305211
Rector St (1),329,Manhattan,40.70751,-74.01379,POINT (-74.01379 40.70751),2024,5449.36478,8.603437818
"Rector St (R,W)",22,Manhattan,40.70722,-74.01334,POINT (-74.01334 40.70722),2023,3907.897436,8.271010628
"Rector St (R,W)",22,Manhattan,40.70722,-74.01334,POINT (-74.01334 40.70722),2024,4148.320755,8.330699926
Rockaway Av (3),348,Brooklyn,40.662548,-73.90894,POINT (-73.90894 40.662548),2023,2810.371795,7.941427826
Rockaway Av (3),348,Brooklyn,40.662548,-73.90894,POINT (-73.90894 40.662548),2024,3071.440252,8.030227395
Rockaway Av (C),183,Brooklyn,40.67834,-73.91195,POINT (-73.91195 40.67834),2023,3520.429487,8.16662229
Rockaway Av (C),183,Brooklyn,40.67834,-73.91195,POINT (-73.91195 40.67834),2024,3833.679245,8.251841072
Rockaway Blvd (A),192,Queens,40.680428,-73.84386,POINT (-73.84386 40.680428),2023,5177.801282,8.552328896
Rockaway Blvd (A),192,Queens,40.680428,-73.84386,POINT (-73.84386 40.680428),2024,5004.849057,8.518362319
"Rockaway Park-Beach 116 St (A,S)",203,Queens,40.580902,-73.835594,POINT (-73.835594 40.580902),2023,491.8076923,6.200119021
"Rockaway Park-Beach 116 St (A,S)",203,Queens,40.580902,-73.835594,POINT (-73.835594 40.580902),2024,517.8301887,6.25157664
Roosevelt Island (F),222,Manhattan,40.759144,-73.95326,POINT (-73.95326 40.759144),2023,5152.782051,8.547486103
Roosevelt Island (F),222,Manhattan,40.759144,-73.95326,POINT (-73.95326 40.759144),2024,5679.855346,8.644857089
Saratoga Av (3),347,Brooklyn,40.661453,-73.91633,POINT (-73.91633 40.661453),2023,3210.666667,8.074545292
Saratoga Av (3),347,Brooklyn,40.661453,-73.91633,POINT (-73.91633 40.661453),2024,3098.761006,8.039080293
Seneca Av (M),111,Queens,40.702763,-73.90774,POINT (-73.90774 40.702763),2023,2079.166667,7.640203298
Seneca Av (M),111,Queens,40.702763,-73.90774,POINT (-73.90774 40.702763),2024,2132.459119,7.665499941
"Sheepshead Bay (B,Q)",54,Brooklyn,40.586895,-73.954155,POINT (-73.954155 40.586895),2023,9797.461538,9.189980666
"Sheepshead Bay (B,Q)",54,Brooklyn,40.586895,-73.954155,POINT (-73.954155 40.586895),2024,9602.616352,9.16989501
Shepherd Av (C),187,Brooklyn,40.67413,-73.88075,POINT (-73.88075 40.67413),2023,1881.128205,7.54015844
Shepherd Av (C),187,Brooklyn,40.67413,-73.88075,POINT (-73.88075 40.67413),2024,1778.867925,7.484294441
"Simpson St (2,5)",430,Bronx,40.824074,-73.89307,POINT (-73.89307 40.824074),2023,4430.442308,8.396480387
"Simpson St (2,5)",430,Bronx,40.824074,-73.89307,POINT (-73.89307 40.824074),2024,4564.874214,8.426365278
"Smith-9 Sts (F,G)",238,Brooklyn,40.67358,-73.99596,POINT (-73.99596 40.67358),2023,3162.25641,8.059357286
"Smith-9 Sts (F,G)",238,Brooklyn,40.67358,-73.99596,POINT (-73.99596 40.67358),2024,3065.415094,8.028264437
"South Ferry (1)/Whitehall St (R,W)",635,Manhattan,40.703087,-74.01299,POINT (-74.01299 40.703087),2023,20086.55128,9.907855563
"South Ferry (1)/Whitehall St (R,W)",635,Manhattan,40.703087,-74.01299,POINT (-74.01299 40.703087),2024,21329.99371,9.967916398
Spring St (6),409,Manhattan,40.7223,-73.99714,POINT (-73.99714 40.7223),2023,8279.698718,9.02168263
Spring St (6),409,Manhattan,40.7223,-73.99714,POINT (-73.99714 40.7223),2024,8814.396226,9.084255043
"Spring St (C,E)",168,Manhattan,40.726227,-74.00374,POINT (-74.00374 40.726227),2023,10268.53205,9.236936737
"Spring St (C,E)",168,Manhattan,40.726227,-74.00374,POINT (-74.00374 40.726227),2024,10929.2327,9.299287871
St George (SIR),501,Staten Island,40.64375,-74.07365,POINT (-74.07365 40.64375),2023,7117.50641,8.870453209
St George (SIR),501,Staten Island,40.64375,-74.07365,POINT (-74.07365 40.64375),2024,7213.534591,8.883852963
St Lawrence Av (6),367,Bronx,40.83151,-73.867615,POINT (-73.867615 40.83151),2023,2617.224359,7.870251641
St Lawrence Av (6),367,Bronx,40.83151,-73.867615,POINT (-73.867615 40.83151),2024,2329.792453,7.753963597
"Steinway St (M,R)",271,Queens,40.756878,-73.92074,POINT (-73.92074 40.756878),2023,8675.333333,9.068354291
"Steinway St (M,R)",271,Queens,40.756878,-73.92074,POINT (-73.92074 40.756878),2024,8892.968553,9.093128635
"Sterling St (2,5)",354,Brooklyn,40.662743,-73.95085,POINT (-73.95085 40.662743),2023,4016.717949,8.298469346
"Sterling St (2,5)",354,Brooklyn,40.662743,-73.95085,POINT (-73.95085 40.662743),2024,4118.553459,8.323500053
Sutphin Blvd (F),257,Queens,40.70546,-73.81071,POINT (-73.81071 40.70546),2023,2891.641026,7.969925214
Sutphin Blvd (F),257,Queens,40.70546,-73.81071,POINT (-73.81071 40.70546),2024,3082.805031,8.033919513
"Sutphin Blvd-Archer Av-JFK Airport (E,J,Z)",279,Queens,40.700485,-73.80797,POINT (-73.80797 40.700485),2023,19387.97436,9.872459851
"Sutphin Blvd-Archer Av-JFK Airport (E,J,Z)",279,Queens,40.700485,-73.80797,POINT (-73.80797 40.700485),2024,20898.49686,9.947480364
Sutter Av (L),134,Brooklyn,40.66937,-73.90198,POINT (-73.90198 40.66937),2023,1616.198718,7.388450745
Sutter Av (L),134,Brooklyn,40.66937,-73.90198,POINT (-73.90198 40.66937),2024,1837.477987,7.516693328
Sutter Av-Rutland Rd (3),346,Brooklyn,40.66472,-73.92261,POINT (-73.92261 40.66472),2023,4231.820513,8.350623838
Sutter Av-Rutland Rd (3),346,Brooklyn,40.66472,-73.92261,POINT (-73.92261 40.66472),2024,4189.050314,8.340468021
"Times Sq-42 St (N,Q,R,W,S,1,2,3,7)/42 St (A,C,E)",611,Manhattan,40.75731,-73.986755,POINT (-73.986755 40.75731),2023,137665,11.83258574
"Times Sq-42 St (N,Q,R,W,S,1,2,3,7)/42 St (A,C,E)",611,Manhattan,40.75731,-73.986755,POINT (-73.986755 40.75731),2024,144063.2075,11.87801436
Tompkinsville (SIR),502,Staten Island,40.636948,-74.07484,POINT (-74.07484 40.636948),2023,495.8012821,6.208190111
Tompkinsville (SIR),502,Staten Island,40.636948,-74.07484,POINT (-74.07484 40.636948),2024,435.0440252,6.077743213
"Tremont Av (B,D)",215,Bronx,40.85041,-73.90523,POINT (-73.90523 40.85041),2023,4366.217949,8.38188146
"Tremont Av (B,D)",215,Bronx,40.85041,-73.90523,POINT (-73.90523 40.85041),2024,4536.597484,8.420152962
Union St (R),28,Brooklyn,40.677315,-73.98311,POINT (-73.98311 40.677315),2023,5322.153846,8.579821235
Union St (R),28,Brooklyn,40.677315,-73.98311,POINT (-73.98311 40.677315),2024,5743.660377,8.656026072
"Utica Av (A,C)",181,Brooklyn,40.679363,-73.93073,POINT (-73.93073 40.679363),2023,9468.384615,9.155819202
"Utica Av (A,C)",181,Brooklyn,40.679363,-73.93073,POINT (-73.93073 40.679363),2024,9144.27673,9.120992821
Van Cortlandt Park-242 St (1),293,Bronx,40.889248,-73.89858,POINT (-73.89858 40.889248),2023,4909.538462,8.499138881
Van Cortlandt Park-242 St (1),293,Bronx,40.889248,-73.89858,POINT (-73.89858 40.889248),2024,4750.761006,8.466270566
Van Siclen Av (3),351,Brooklyn,40.665447,-73.8894,POINT (-73.8894 40.665447),2023,1656.653846,7.413158536
Van Siclen Av (3),351,Brooklyn,40.665447,-73.8894,POINT (-73.8894 40.665447),2024,1591.974843,7.373358517
Van Siclen Av (C),186,Brooklyn,40.67271,-73.89036,POINT (-73.89036 40.67271),2023,1743.038462,7.463958658
Van Siclen Av (C),186,Brooklyn,40.67271,-73.89036,POINT (-73.89036 40.67271),2024,1833.874214,7.51473121
"Van Siclen Av (J,Z)",90,Brooklyn,40.678024,-73.891685,POINT (-73.891685 40.678024),2023,1692.025641,7.434272527
"Van Siclen Av (J,Z)",90,Brooklyn,40.678024,-73.891685,POINT (-73.891685 40.678024),2024,1712.584906,7.446342891
Vernon Blvd-Jackson Av (7),464,Queens,40.742626,-73.95358,POINT (-73.95358 40.742626),2023,12267.10256,9.414757885
Vernon Blvd-Jackson Av (7),464,Queens,40.742626,-73.95358,POINT (-73.95358 40.742626),2024,12839.40881,9.460352415
"W 4 St-Wash Sq (A,C,E,B,D,F,M)",167,Manhattan,40.732338,-74.000496,POINT (-74.000496 40.732338),2023,30017.4359,10.309567
"W 4 St-Wash Sq (A,C,E,B,D,F,M)",167,Manhattan,40.732338,-74.000496,POINT (-74.000496 40.732338),2024,32021.42138,10.3741916
"W 8 St-NY Aquarium (F,Q)",57,Brooklyn,40.576126,-73.97594,POINT (-73.97594 40.576126),2023,1925.416667,7.563416907
"W 8 St-NY Aquarium (F,Q)",57,Brooklyn,40.576126,-73.97594,POINT (-73.97594 40.576126),2024,1782.389937,7.486271291
WTC Cortlandt (1),328,Manhattan,40.711834,-74.01219,POINT (-74.01219 40.711834),2023,10838.05128,9.290910751
WTC Cortlandt (1),328,Manhattan,40.711834,-74.01219,POINT (-74.01219 40.711834),2024,12162.76101,9.406216401
Wakefield-241 St (2),416,Bronx,40.903126,-73.85062,POINT (-73.85062 40.903126),2023,2779.948718,7.930547414
Wakefield-241 St (2),416,Bronx,40.903126,-73.85062,POINT (-73.85062 40.903126),2024,2840.842767,7.952207982
"Wall St (2,3)",333,Manhattan,40.70682,-74.0091,POINT (-74.0091 40.70682),2023,13846.53846,9.535862767
"Wall St (2,3)",333,Manhattan,40.70682,-74.0091,POINT (-74.0091 40.70682),2024,14733.61635,9.597954858
"Wall St (4,5)",413,Manhattan,40.707558,-74.01186,POINT (-74.01186 40.707558),2023,12082.49359,9.399595634
"Wall St (4,5)",413,Manhattan,40.707558,-74.01186,POINT (-74.01186 40.707558),2024,12770.08805,9.454939149
"West Farms Sq-E Tremont Av (2,5)",427,Bronx,40.840294,-73.88005,POINT (-73.88005 40.840294),2023,3275.589744,8.094558448
"West Farms Sq-E Tremont Av (2,5)",427,Bronx,40.840294,-73.88005,POINT (-73.88005 40.840294),2024,3180.786164,8.065198005
Westchester Sq-E Tremont Av (6),363,Bronx,40.839893,-73.84295,POINT (-73.84295 40.839893),2023,2759.25641,7.923078857
Westchester Sq-E Tremont Av (6),363,Bronx,40.839893,-73.84295,POINT (-73.84295 40.839893),2024,2374.050314,7.772773901
Whitlock Av (6),370,Bronx,40.826527,-73.886284,POINT (-73.886284 40.826527),2023,1271.698718,7.1488949
Whitlock Av (6),370,Bronx,40.826527,-73.886284,POINT (-73.886284 40.826527),2024,1182.767296,7.076457255
Wilson Av (L),130,Brooklyn,40.688763,-73.904045,POINT (-73.904045 40.688763),2023,3057.480769,8.025673591
Wilson Av (L),130,Brooklyn,40.688763,-73.904045,POINT (-73.904045 40.688763),2024,3049.893082,8.02318964
"Winthrop St (2,5)",355,Brooklyn,40.65665,-73.9502,POINT (-73.9502 40.65665),2023,5542.224359,8.620331625
"Winthrop St (2,5)",355,Brooklyn,40.65665,-73.9502,POINT (-73.9502 40.65665),2024,5609.748428,8.632439399
"Woodhaven Blvd (J,Z)",83,Queens,40.69388,-73.85158,POINT (-73.85158 40.69388),2023,1989.397436,7.596089614
"Woodhaven Blvd (J,Z)",83,Queens,40.69388,-73.85158,POINT (-73.85158 40.69388),2024,1949.918239,7.576055433
"Woodhaven Blvd (M,R)",264,Queens,40.733105,-73.86923,POINT (-73.86923 40.733105),2023,13734.89744,9.527767936
"Woodhaven Blvd (M,R)",264,Queens,40.733105,-73.86923,POINT (-73.86923 40.733105),2024,13374.89937,9.501209812
Woodlawn (4),378,Bronx,40.886036,-73.87875,POINT (-73.87875 40.886036),2023,4398.435897,8.389231607
Woodlawn (4),378,Bronx,40.886036,-73.87875,POINT (-73.87875 40.886036),2024,4337.72327,8.375335406
York St (F),235,Brooklyn,40.701397,-73.98675,POINT (-73.98675 40.701397),2023,9937.942308,9.204215886
York St (F),235,Brooklyn,40.701397,-73.98675,POINT (-73.98675 40.701397),2024,10494.21384,9.258674607
Zerega Av (6),364,Bronx,40.836487,-73.84704,POINT (-73.84704 40.836487),2023,1790.865385,7.491012471
Zerega Av (6),364,Bronx,40.836487,-73.84704,POINT (-73.84704 40.836487),2024,1635.742138,7.400463044
